01,0604,LA,1R,70104,146511,B01,BUL,CR,1000,07091801
02,0608,LC,70120,146040,B01,BUL,CR,1000,07091801
03,0621,LC,70400,146060,B01,BUL,CR,1000,07091801
04,0622,LC,70400,146380,B01,BUL,CR,1000,07091801
05,0641,LC,70120,146520,B01,BUL,CR,1000,07091801
06,0645,LC,70120,147240,B01,BUL,CR,1000,07091801
07,0700,SD,70366,147150,B01,BUL,CR,1000,07091801
08,0706,LC,70400,147440,B01,BUL,CR,1000,07091801
09,0716,LC,70180,147380,B01,BUL,CR,1000,07091801
10,0722,LC,70220,148060,B01,BUL,CR,1000,07091801
11,0728,LC,70400,148160,B01,BUL,CR,1000,07091801
12,0734,LC,70400,148500,B01,BUL,CR,1000,07091801
13,0739,LC,2,70240,148550,B01,BUL,CR,1000,07091801
01,0750,LC,1R,70349,149456,B01,BUL,CR,1000,07092001
02,0758,SI,70384,149102,B01,BUL,CR,1000,60,WS,002,OI,07092001
03,0806,LC,70390,148513,B01,BUL,CR,1000,07092001
04,0814,LC,70275,148556,B01,BUL,CR,1000,07092001
05,0820,LC,70242,148150,B01,BUL,CR,1000,07092001
06,0827,LC,70390,148080,B01,BUL,CR,1000,07092001
07,0830,LC,70390,147542,B01,BUL,CR,1000,07092001
08,0839,LC,70198,147526,B01,BUL,CR,1000,07092001
09,0846,LC,70123,147220,B01,BUL,CR,1000,07092001
10,0859,LC,70390,147160,B01,BUL,CR,1000,07092001
11,0906,LC,70390,146352,B01,BUL,CR,1000,07092001
06,1217,LC,70060,145235,B02,BUL,CR,1000,07092101
07,1223,SI,70139,145209,B02,BUL,CR,1000,60,PN,1,07092101
08,1226,SI,70217,145210,B02,BUL,CR,1000,35,RS,1,07092101
09,1228,SI,70257,145191,B02,BUL,CR,1000,24,RS,1,07092101
10,1229,SD,70287,145188,B02,BUL,CR,1000,07092101
11,1233,LC,70380,145172,B02,BUL,CR,1000,07092101
12,1243,SD,70376,145236,B02,BUL,CR,1000,07092101
13,1250,SI,70372,144428,B02,BUL,CR,1000,17,BH,1,BW,270,SW,07092101
14,1257,SI,70365,144350,B02,BUL,CR,1000,RS,1,B0,07092101
15,1300,LC,70380,143960,B02,BUL,CR,1000,07092101
16,1311,SI,70130,144420,B02,BUL,CR,1000,PN,2,DV,07092101
17,1313,SI,70090,144416,B02,BUL,CR,1000,36,RS,1,DV,07092101
18,1314,SI,70083,144420,B02,BUL,CR,1000,35,RS,3,DV,07092101
19,1315,LC,70060,144410,B02,BUL,CR,1000,07092101
20,1319,LC,70060,144090,B02,BUL,CR,1000,07092101
21,1325,SI,70176,144097,B02,BUL,CR,1000,25,RS,1,07092102
22,1329,SI,70259,144094,B02,BUL,CR,1000,42,RS,1,07092102
23,1334,SI,70345,144057,B02,BUL,CR,1000,20,RS,3,07092102
24,1335,LC,70380,144075,B02,BUL,CR,1000,07092102
25,1336,SD,70394,144053,B02,BUL,CR,1000,07092102
26,1337,SI,70394,144053,B02,BUL,CR,1900,40,RS,20,07092102
27,1339,SI,70372,144082,B02,BUL,CR,1900,35,RS,6,07092102
28,1343,SI,70371,144033,B02,BUL,CR,1900,RS,6,07092102
29,1348,SI,70374,143462,B02,BUL,CR,1900,45,RS,6,07092102
30,1349,LC,70380,143362,B02,BUL,CR,1900,07092102
31,1351,SI,70262,143452,B02,BUL,CR,1900,RS,1,07092102
32,1359,SI,70191,143501,B02,BUL,CR,1900,RS,1,07092102
33,1401,SI,70147,143520,B02,BUL,CR,1900,61,RS,1,07092102
34,1403,LC,70120,143528,B02,BUL,CR,1900,07092102
35,1404,SI,70098,143515,B02,BUL,CR,1900,45,RS,1,07092102
36,1410,LC,70120,143090,B02,BUL,CR,1900,07092102
37,1424,LC,70380,143157,B02,BUL,CR,1900,07092102
38,1429,SI,70385,143382,B02,BUL,CR,1900,40,BH,1,B0,250,35,45,SW,07092102
39,1458,LC,70327,145557,B02,BUL,CR,1900,07092102
40,1503,SI,70298,145549,B02,BUL,CR,1900,31,RS,1,SW,07092103
41,1507,SI,70179,145534,B02,BUL,CR,1900,49,RS,1,07092103
42,1509,SD,70122,145538,B02,BUL,CR,1900,07092103
43,1515,LD,2,70120,148300,07092103
01,1003,LA,1R,70120,148300,B03,B05,OC,500,12092201
02,1023,LC,70359,149379,B03,B05,OC,500,12092201
03,1032,LC,70275,148565,B03,B05,OC,500,12092201
04,1040,LC,70390,148369,B03,B05,OC,500,12092201
05,1045,LC,70390,148129,B03,B05,OC,500,12092201
06,1052,LC,70242,148185,B03,B05,OC,500,12092201
07,1100,LC,70198,147390,B03,B05,OC,500,12092201
08,1112,LC,70390,147400,B03,B05,OC,500,12092201
09,1119,LC,70390,147062,B03,B05,OC,500,12092201
10,1131,LC,70123,147139,B03,B05,OC,500,12092201
11,1136,LC,70123,147511,B03,B05,OC,500,00000000
10,1534,LC,70060,144142,B04,B10,OC,1000,12092301
11,1541,LC,70120,143440,B04,B10,OC,1000,12092301
12,1554,LC,70380,143430,B04,B10,OC,1000,12092301
13,1559,LC,70380,143201,B04,B10,OC,1000,12092301
14,1610,LC,2,70120,143179,B04,B10,OC,1000,12092301
01,1610,LA,1R,70120,143200,B04,B10,CL,900,12092401
02,1615,LC,70120,143360,B04,B10,CL,900,12092401
03,1629,LC,70380,143372,B04,B10,CL,900,12092401
04,1635,LC,70380,143193,B04,B10,CL,900,12092401
05,1650,LC,70060,143212,B04,B10,CL,900,12092401
06,1724,LD,2,70120,148300,B04,B10,CL,900,12092401
01,0809,LA,1R,70104,146511,B04,B10,PC,400,13092501
02,0815,LC,70130,146200,B04,B10,PC,400,13092501
03,0817,SI,70138,146171,B04,B10,PC,400,40,PR,4,BO,OI,13092501
04,0820,LC,70390,146240,B04,B10,PC,400,13092501
05,0843,LC,70390,146440,B04,B10,PC,400,13092501
06,0856,LC,70130,146380,B04,B10,PC,400,13092501
07,0900,LC,70130,147080,B04,B10,PC,400,13092501
08,0913,LC,70390,147130,B04,B10,PC,400,13092501
09,0917,LC,70390,147400,B04,B10,PC,1000,13092501
10,0923,SD,70377,147433,B04,B10,PC,1000,13092501
11,0931,LC,70200,147460,B04,B10,PC,1000,13092501
12,0939,LC,70240,148160,B04,B10,PC,1000,13092501
13,0939,SD,70286,148144,B04,B10,PC,1000,13092501
14,0945,LC,70390,148130,B04,B10,PC,1000,13092501
15,0949,LC,70390,148510,B04,B10,PC,1000,13092501
16,0958,LC,2,70270,148320,B04,B10,PC,1000,13092501
01,1215,LA,1R,70104,146511,B04,BUL,CL,1000,13092601
02,1343,LC,70138,146191,B04,BUL,CL,1000,13092601
03,1353,LC,70390,146180,B04,BUL,CL,1000,13092601
04,1411,LC,70390,148340,B04,BUL,CL,1000,13092601
05,1429,PO,70531,150562,B04,BUL,CL,1000,13092601
06,1526,LD,2,71230,156300,B04,BUL,CL,1000,13092601
01,1335,LA,1R,70120,148300,B04,B10,CL,600,14092701
02,1343,LC,70270,148460,B04,B10,CL,600,14092701
03,1348,LC,70390,148500,B04,B10,CL,600,14092701
04,1356,LC,70390,148150,B04,B10,CL,600,14092701
05,1400,LC,70270,148150,B04,B10,CL,700,PN,1,14092701
06,1410,SI,70237,148150,B04,B10,CL,700,WS,1,DV,14092701
09,1415,LC,70200,147540,B04,B10,CL,700,14092701
10,1428,LC,70390,147490,B04,B10,CL,700,14092701
11,1433,LC,70390,147260,B04,B10,CL,700,14092701
12,1441,SI,70220,147234,B04,B1p,Cl,000,08,15092801
02,0844,LC,70130,146200,B03,B05,OC,700,15092801
03,0857,LC,70390,146180,B03,B05,OC,700,15092801
04,0901,LC,70390,146450,B03,B05,OC,700,15092801
05,0914,LC,70130,146390,B03,B05,OC,700,15092801
06,0919,LC,70130,147140,B03,B05,OC,700,15092801
07,0932,LC,70390,147110,B03,B05,OC,700,15092801
08,0938,LC,70390,147400,B03,B05,OC,700,15092801
09,0949,LC,70200,147470,B03,B05,OC,700,15092801
10,0954,LC,70240,148150,B03,B05,OC,700,15092801
11,1002,LC,70390,148250,B03,B05,OC,700,15092801
12,1004,LC,70390,148340,B03,B05,OC,700,15092801
13,1010,LC,70270,148560,B03,B05,OC,700,15092801
14,1022,LD,2,70120,148300,B03,B05,OC,700,15092801
01,0855,LA,1R,70120,148300,B02,B10,OC,1000,17092901
02,0925,LC,70100,145450,B02,B10,OC,1000,17092901
03,0938,LC,70375,145400,B02,B10,OC,1000,17092901
04,0943,LC,70375,145100,B02,B10,OC,1000,17092901
05,0959,LC,70060,145200,B02,B10,OC,1000,17092901
06,1010,LC,70060,144380,B02,B10,OC,1000,17092901
07,1029,LC,70375,144350,B02,B10,OC,1000,17092901
08,1033,SD,70372,144178,B02,B10,OC,1000,17092901
09,1033,LC,70375,144180,B02,B10,OC,1000,17092901
10,1046,LC,70060,144010,B02,B10,OC,1000,17092901
11,1053,LC,70120,143480,B02,B10,OC,1000,17092901
12,1101,PO,70204,143483,B02,B10,OC,1000,17092901
13,1105,LC,70375,143420,B02,B10,OC,1000,17092901
14,1117,LC,70375,143090,B02,B10,OC,1000,17092901
15,1128,LC,2,70120,143110,B02,B10,OC,1000,17092901
01,1405,LA,1R,70420,149390,B02,B10,OC,1000,17093001
02,1427,LC,70420,149390,B02,B10,OC,1000,17093001
03,1438,LC,71070,149450,B02,B10,OC,1000,17093001
04,1442,LC,71070,149220,B02,B10,OC,1000,17093001
05,1453,LC,70420,149220,B02,B10,OC,1000,17093001
06,1500,LC,70420,148450,B02,B10,OC,1000,17093001
07,1513,LC,71070,148500,B02,B10,OC,1000,17093001
08,1517,LC,71070,148150,B02,B10,OC,1000,17093001
10,1530,LC,70420,148150,B02,B10,OC,1000,17093001
11,1535,LC,70420,147400,B02,B10,OC,1000,17093001
12,1548,LC,71070,147400,B02,B10,OC,1000,17093001
13,1552,LC,71070,147190,B02,B10,OC,1000,17093001
14,1555,SD,71025,147176,B02,B10,OC,1000,17093001
15,1604,LC,70420,147230,B02,B10,OC,1000,17093001
16,1608,LC,70420,146540,B02,B10,OC,1000,17093001
17,1621,LC,71070,146410,B02,B10,OC,1000,17093001
18,1625,LC,71070,146140,B02,B10,OC,1000,17093001
19,1636,LC,2,70420,146110,B02,B10,OC,1000,17093001
01,1304,LA,1R,70120,148300,B01,B20,CR,1000,18093101
02,1314,LA,70270,148320,B01,B20,CR,1000,18093101
03,1321,LA,70390,148510,B01,B20,CR,1000,18093109
11,1421,SD,70130,146400,B01,B20,CR,1000,18093101
12,1433,SD,70390,146390,B01,B20,CR,1000,18093101
13,1436,SD,70390,146150,B01,B20,CR,1000,18093101
14,1448,SD,2,70130,146240,B01,B20,CR,1000,18093101
01,1454,LC,1R,70110,145530,18093201
02,1508,LC,70390,145450,18093201
03,1524,SI,70345,145137,B01,B20,CR,1000,10,BH,002,BO,240,35,SW,18093201
06,1555,LC,70060,145080,B01,B20,CR,1000,18093201
07,1604,LC,70060,144300,B01,B20,CR,2000,18093201
08,1619,LC,70390,144480,B01,B20,CR,2000,18093201
09,1625,LC,70390,144090,B01,B20,CR,2000,18093201
10,1640,LC,70060,144150,B01,B20,CR,2000,18093201
11,1705,LD,70104,146511,B01,B20,CR,2000,18093201
12,1806,LD,2,70120,148300,B01,B20,CR,2000,18093201
01,0822,LA,1R,70120,148300,B02,B20,PC,1000,19093301
02,0827,LA,70270,148540,B02,B20,PC,1000,19093301
03,0832,LA,70390,148370,B02,B20,PC,1000,19093301
04,0836,LA,70390,148150,B02,B20,PC,1000,19093301
05,0842,LA,70230,148050,B02,B20,PC,1000,19093301
06,0859,LA,70230,148050,B02,B20,PC,1000,19093301
07,0902,LA,70200,147500,B02,B20,PC,1000,19093301
08,0912,LA,70390,147570,B02,B20,PC,1000,19093301
09,0921,SD,70387,147069,B02,B20,PC,1000,19093301
10,0922,SD,70390,147030,B02,B20,PC,1000,19093301
11,0931,SI,70212,147193,B02,B20,PC,1000,BS,1,360,SW,19093301
12,0934,SI,70130,147250,B02,B20,PC,1000,19093301
13,0943,SI,70130,146320,B02,B20,PC,1000,19093301
14,0953,PO,70345,146339,B02,B20,PC,1000,19093301
15,0955,PO,70390,146360,B02,B20,PC,1000,19093301
16,0958,PO,70390,146200,B02,B20,PC,1000,19093301
17,1010,PO,70130,146050,B02,B20,PC,1000,19093301
18,1021,LD,2,70104,146511,B02,B20,PC,1000,19093301
01,1314,LA,1R,70120,148300,B02,B20,PC,1000,19093401
02,1329,PO,70335,146493,B02,B20,PC,1000,19093401
03,1341,LC,70450,146000,B02,B20,PC,1000,19093401
04,1418,LC,70450,142000,B02,B20,PC,1000,19093401
05,1436,LC,70120,142000,B02,B20,PC,1000,19093401
06,1440,LC,70120,142090,B02,B20,PC,1000,19093401
07,1447,LC,70380,142110,B02,B20,PC,1000,19093401
08,1456,LC,70380,142320,B02,B20,PC,1000,19093401
09,1509,LC,70120,142460,B02,B20,PC,1000,19093401
10,1509,PO,70065,142361,B02,B20,PC,1000,19093401
11,1521,PO,70120,142460,B02,B20,PC,1000,19093401
12,1526,PO,70120,143190,B02,B20,PC,1000,19093401
13,1536,PO,70380,143110,B02,B20,PC,1000,19093401
14,1538,SD,70380,143098,B02,B20,PC,1000,19093401
15,1544,SD,70380,143450,B02,B20,PC,1000,19093401
16,1557,SD,70120,143390,B02,B20,PC,1000,19093401
17,1604,SD,70060,144150,B02,B20,PC,1000,00000000
00,1116,LC,71200,146430,B01,B20,CR,1000,20093501
08,1119,SI,71127,146436,B01,B20,CR,1000,20,RS,1,20093501
09,1126,SI,70552,146390,B01,B20,CR,1000,28,RS,6,DV,20093501
10,1128,SI,70513,146401,B01,B20,CR,1000,32,RS,1,20093501
11,1132,LC,70422,146367,B01,B20,CR,1000,20093501
12,1138,LC,70422,147251,B01,B20,CR,1500,20093501
13,1138,SI,70424,147187,B01,B20,CR,1500,20093501
14,1144,SI,70542,147117,B01,B20,CR,1500,20093501
15,1147,SI,70599,147209,B01,B20,CR,1500,20093501
16,1150,SI,71010,147200,B01,B20,CR,1500,20093501
17,1152,LC,71200,147060,B01,B20,CR,1500,20093501
18,1200,LC,71200,147485,B01,B20,CR,1500,20093501
19,1201,SI,71063,147462,B01,B20,CR,1500,35,RS,1,DV,20093501
20,1202,SI,71063,147462,B01,B20,CR,1500,34,RS,5,20093501
21,1213,SI,70422,147513,B01,B20,CR,1500,32,RS,1,20093502
22,1216,LC,70422,147499,B01,B20,CR,1500,20093502
23,1216,SI,70407,147486,B01,B20,CR,1500,32,RS,1,20093502
24,1220,LC,70422,148232,B01,B20,CR,1500,20093502
26,1235,SI,71114,148277,B01,B20,CR,1500,28,RS,5,20093502
27,1236,SI,71110,148322,B01,B20,CR,1500,34,RS,12,20093502
28,1236,SI,71114,148377,B01,B20,CR,1500,34,RS,14,20093502
29,1241,SD,71114,148344,B01,B20,CR,1500,20093502
30,1245,LC,71200,148395,B01,B20,CR,1500,20093502
31,1253,SI,70553,148513,B01,B20,CR,1500,32,RS,5,20093502
32,1258,LC,70422,148382,B01,B20,CR,1500,20093502
33,1300,SI,70429,148533,B01,B20,CR,1500,25,RS,2,20093502
34,1304,LC,70422,149139,B01,B20,CR,1500,20093502
35,1317,SI,70422,149134,B01,B20,CR,1500,34,RS,4,20093502
36,1319,LC,71200,149122,B01,B20,CR,1500,20093502
37,1340,LC,71200,149440,B01,B20,CR,1500,20093502
38,1350,LC,70422,149440,B01,B20,CR,1500,20093502
39,1404,LD,2,70120,148300,B01,B20,CR,1500,20093502
01,1251,LA,1R,70120,148300,B03,B15,CR,1300,23093601
02,1329,LC,70460,145000,B03,B15,CR,1300,23093601
03,1350,SD,70397,142133,B03,B15,CR,1300,23093601
04,1359,LC,70460,142000,B03,B15,CR,1300,23093601
05,1414,LC,70120,142120,B03,B15,CR,1300,23093601
06,1432,LC,70090,143400,B03,B15,CR,1300,23093601
07,1512,LC,70090,143400,B03,B15,CR,1300,23093601
08,1520,LC,70120,143500,B03,B15,CR,1300,23093601
09,1532,LC,70289,143573,B03,B15,CR,1300,23093601
10,1536,LC,70380,144080,B03,B15,CR,1300,23093601
11,1539,LC,70380,144380,B03,B15,CR,1300,23093601
12,1555,LC,70050,144390,B03,B15,CR,1300,23093601
13,1602,LC,70050,145160,B03,B15,CR,1300,23093601
14,1615,LC,70380,145290,B03,B15,CR,1300,23093601
15,1619,LC,70380,145510,B03,B15,CR,1300,23093601
16,1623,SI,70313,145553,B03,B15,CR,1250,RS,1,SW,23093601
17,1631,LC,70050,145410,B03,B15,CR,1250,23093601
18,1654,LD,2,70120,148300,B03,B15,CR,1250
00,0000,00,0,00000,000000,B02,B20,CR,1500,22,BH,5,090,24093701
08,1036,SD,69547,141510,B02,B20,CR,1500,24093701
09,1039,SI,69557,141471,B02,B20,CR,1500,5,BH,2,270,24093701
10,1041,SI,69564,141499,B02,B20,CR,1500,20,BH,5,210,SW,24093701
11,1045,SD,69569,141501,B02,B20,CR,1500,24093701
12,1054,SI,69562,141473,B02,B20,CR,1500,5,BH,15,270,24093701
13,1101,SD,69555,141465,B02,B20,CR,1500,24093701
14,1118,SI,69570,141440,B02,B20,CR,1500,4,BH,2,150,SW,24093701
15,1120,SI,69556,141520,B02,B20,CR,1500,8,BH,3,150,24093701
16,1124,SI,69552,141470,B02,B20,CR,1500,4,BH,1,090,DV,24093701
17,1154,SI,69561,141515,B02,B20,CR,1500,26,BH,1,270,24093701
18,1154,PO,69561,141515,B02,B20,CR,1500,24093701
19,1313,LD,2,70120,148300,B02,B20,CR,1500,24093701
01,1515,LA,1R,70120,148300,B03,B05,OC,1000,24093801
02,1524,LC,70270,148490,B03,B05,OC,1000,24093801
03,1531,LC,70390,148490,B03,B05,OC,1000,24093801
04,1535,LC,70390,148170,B03,B05,OC,1000,24093801
05,1540,LC,70230,148100,B03,B05,OC,1000,24093801
06,1545,LC,70200,147470,B03,B05,OC,1000,24093801
07,1557,LC,70390,147360,B03,B05,OC,1000,24093801
08,1602,LC,70390,147050,B03,B05,OC,1000,24093801
09,1607,SD,70323,147007,B03,B05,OC,1000,24093801
10,1614,LC,70120,147000,B03,B05,OC,1000,24093801
11,1617,LC,70120,146330,B03,B05,OC,1000,24093801
12,1632,LC,70390,146560,B03,B05,OC,1000,24093801
13,1634,PO,70388,146362,B03,B05,OC,1000,24093801
14,1643,LC,70390,146050,B03,B05,OC,1000,24093801
15,1655,LC,2,70120,146291,B03,B05,OC,1000,24093801
01,0909,LA,1R,70104,146511,B01,B30,CR,1500,26093901
02,0943,PO,70111,143192,B01,B30,CR,1500,26093901
03,0945,PO,70100,143097,B01,B30,CR,1500,26093901
04,0954,LC,70066,142083,B01,B30,CR,1500,26093901
05,1002,SI,69573,141419,B01,B30,CR,1500,BH,1,26093901
06,1007,SI,69498,141184,B01,B30,CR,1500,2,2,090,26093901
07,1008,SI,69450,141112,B01,B30,CR,1500,20,2,270,26093901
08,1008,SI,69450,141112,B01,B30,CR,1500,15,3,090,26093901
09,1009,SI,69450,141112,B01,B30,CR,1500,11,2,26093901
10,1011,SI,69450,141112,B01,B30,CR,1500,09,2,180,26093901
11,1013,SI,69475,141078,B01,B30,CR,1200,14,2,090,26093901
12,1014,SI,69443,141024,B01,B30,CR,1200,4,26093901
13,1019,SI,69420,140587,B01,B30,CR,1000,4,2,26093901
14,1020,SI,69443,141042,B01,B30,CR,1000,25,3,26093901
15,1023,SI,69474,141149,B01,B30,CR,1000,27,1,26093901
16,1024,SI,69468,141085,B01,B30,CR,1000,24,2,26093901
17,1025,SI,69468,141085,B01,B30,CR,1000,4,1,26093901
18,1028,SI,69430,141021,B01,B30,CR,1000,33,1,26093901
19,1028,SI,69430,141021,B01,B30,CR,1000,12,1,26093901
20,1029,SI,69419,140579,B01,B30,CR,1000,11,1,26093901
21,1030,SI,69455,141049,B01,B30,CR,1000,3,BH,1,26093902
22,1032,SI,69466,141005,000,000,CR,1000,5,1,26093902
30,1104,SI,69573,142054,B01,B30,CR,1000,4,2,26093902
31,1106,SI,70005,142142,B01,B30,CR,1000,21,RS,1,26093902
32,1112,PO,70073,142523,B01,B30,CR,1000,26093902
33,1140,PO,70243,146000,B01,B30,CR,1500,26093902
34,1145,SI,70231,146325,B01,B30,CR,1500,36,BH,2,DV,26093902
35,1148,SD,70240,146326,B01,B30,CR,1500,26093902
36,1219,LD,2,70120,148300,B01,B30,CR,1500,26093902
01,1330,LA,1R,70120,148300,26094001
02,1344,LC,70270,148420,B01,B20,CR,1400,26094001
03,1348,SD,70320,148399,B01,B20,CR,1400,26094001
04,1354,LC,70400,148430,B01,B20,CR,1400,26094001
05,1358,LC,70391,148211,B01,B20,CR,1000,26094001
06,1359,LC,70400,148150,B01,B20,CR,1000,26094001
07,1403,LC,70301,148146,B01,B20,CR,1000,26094001
08,1406,LC,70230,148130,B01,B20,CR,1000,26094001
09,1417,LC,70190,147480,B01,B20,CR,1000,26094001
10,1421,LC,70400,147510,B01,B20,CR,1000,26094001
11,1426,LC,70400,147170,B01,B20,CR,1000,26094001
12,1433,LC,70294,147182,B01,B20,CR,1000,26094001
13,1443,LC,70120,147260,B01,B20,CR,1000,26094001
14,1452,LC,70120,146340,B01,B20,CR,1000,26094001
15,1458,SI,70252,146459,B01,B20,CR,1000,PN,1,030,SW,26094001
16,1504,LC,70400,146550,B01,B20,CR,1000,26094001
17,1508,LC,70400,146260,B01,B20,CR,1000,26094001
18,1520,LC,2,70120,146050,B01,B20,CR,1000,26094001
19,1526,LC,1R,70110,145440,B01,B20,CR,1500,26094101
20,1537,LC,70380,145490,B01,B20,CR,1500,26094101
21,1543,LC,70380,145180,B01,B20,CR,1400,26094102
22,1557,LC,70060,145150,B01,B20,CR,1400,26094102
23,1602,LC,70060,144490,B01,B20,CR,1400,26094102
24,1610,LC,70400,144300,B01,B20,CR,1400,26094102
25,1614,LC,70400,144180,B01,B20,CR,1400,26094102
26,1620,LC,70060,144150,B01,B20,CR,1400,26094102
27,1714,LD,2,70120,148380,B01,B20,CR,1400,26094102
01,1330,LA,1R,70120,148308,B10,OC,000,08104201
02,1339,LC,70277,148470,I07,B20,OC,300,08104201
03,1346,PO,70243,148184,I03,B20,OC,500,08104201
04,1354,PO,70390,148175,I02,B20,OC,500,08104201
05,1355,SI,70390,148115,I01,B20,OC,400,32,RS,001,BO,DV,08104201
06,1357,PO,70390,147485,I00,B07,OC,250,08104201
07,1405,PO,70200,147515,I00,B15,OC,400,08104201
08,1426,PO,70124,147071,I02,B20,OC,500,08104201
09,1430,SI,70373,147146,I01,B20,OC,400,BH,001,BO,SW,08104201
10,1433,SD,70383,147100,I00,B20,OC,500,08104201
11,1442,SI,70374,147144,I00,B20,OC,500,BH,002,BO,SW,08104201
12,1445,PO,70390,147232,I00,B20,OC,500,08104201
13,1454,PO,70390,146470,I00,B20,OC,500,08104201
14,1459,SI,70167,146470,I01,B20,OC,500,30,RS,001,BO,OI,08104201
15,1510,PO,70124,146470,I02,B20,OC,500,08104201
23,1625,SI,70409,147072,I00,B20,OC,500,BH,002,BO,CO,08104202
24,1626,SI,70395,147105,I00,B20,OC,500,20,BH,001,BO,SW,08104202
25,1656,LD,2,70119,148280,I00,B10,OC,0000,08104202
01,1413,LA,1R,70119,148280,B10,OC,11104301
02,1433,SI,70328,147360,I02,B20,OC,450,40,BH,001,SW,11104301
03,1435,SD,70290,147340,I01,B20,OC,500,11104301
04,1458,SI,70260,147300,I00,B20,OC,380,BH,006,SW,11104301
05,1507,SI,70335,147180,I01,B20,OC,1000,BH,003,SW,11104301
06,1655,SI,71100,153200,I05,B20,OC,300,11,BH,005,SW,11104301
07,1755,LD,2,71200,156350,I05,B10,OC,0000,11104301
01,1040,LA,1R,70119,148280,B10,OC,13104401
02,1058,PO,70340,149400,I08,B10,OC,900,13104401
03,1109,PO,70390,148433,I08,B15,OC,600,13104401
04,1115,PO,70277,148365,I08,B12,OC,600,13104401
05,1120,PO,70243,148148,I07,B10,OC,600,13104401
06,1129,PO,70390,148162,I06,B10,OC,600,13104401
07,1134,SD,70371,147505,I04,B10,OC,600,13104401
08,1200,SI,70390,147432,I04,B10,OC,600,RS,001,BO,OI,13104401
09,1210,SI,70200,147450,I03,B10,OC,500,13104401
10,1217,SI,70124,147199,I02,B10,OC,500,13104401
11,1230,SD,70311,147157,I04,B10,OC,600,13104401
12,1244,SI,70323,147195,I01,B10,OC,600,BH,002,BO,SW,13104401
13,1317,PO,70390,147150,I03,B10,OC,600,13104401
14,1324,PO,70390,146386,I06,B10,OC,600,13104401
15,1328,SI,70330,146399,I05,B10,OC,600,BH,001,BO,SW,13104401
16,1330,SD,70344,146419,I04,B10,OC,600,13104401
17,1346,SI,70244,146455,I05,B10,OC,600,06,BH,001,BO,SW,13104401
18,1359,SI,70243,146486,I06,B10,OC,600,15,BH,001,BO,SW,13104401
19,1403,SI,70241,146486,I06,B10,OC,600,18,BH,001,BO,20,SW,13104401
20,1423,PO,70124,146500,I06,B10,OC,600,13104401
21,1434,LD,2,70119,148280,B10,OC,0000,13104402
22,1548,LA,1R,70119,148280,B10,OC,0000,13104402
23,1613,PO,70100,146000,I07,B12,OC,600,13104402
24,1618,SI,70220,146022,I06,B12,OC,600,10,BH,001,BO,SW,13104402
25,1625,PO,70400,146000,I05,B12,OC,600,13104402
26,1638,PO,70400,146100,I03,B12,OC,600,13104402
27,1639,SD,70393,146133,I02,B12,OC,600,13104402
28,1657,PO,70100,146100,I03,B12,OC,600,13104402
29,1704,PO,70100,146500,I01,B12,OC,600,13104402
30,1720,PO,70400,146380,I02,B12,OC,600,13104402
31,1722,SI,70282,146442,I03,B12,OC,600,BS,001,BO,OI,13104402
32,1726,SI,70331,147008,I05,B12,OC,600,24,BH,001,BO,DV,13104402
33,1737,SI,70272,147193,I05,B12,OC,600,15,BH,001,BO,SW,13104402
34,1745,LD,2,70119,148280,B10,OC,0000,13104402
01,1039,LA,1R,70120,148280,B06,SN,0000,14104501
02,1117,PO,70340,149400,I06,B10,OC,0420,14104501
03,1128,PO,70390,148365,I06,B10,OC,0500,14104501
04,1134,PO,70277,148478,I05,B10,OC,0500,14104501
05,1139,PO,70243,148220,I04,B10,OC,500,14104501
13,1203,SI,70344,147399,I05,B10,OC,1200,32,BH,001,BO,71,SW,14104501
14,1203,SI,70344,147399,I05,B10,OC,1200,23,BH,002,BO,71,SW,14104501
15,1206,SI,70339,147413,I05,B10,OC,1200,BH,002,BO,SW,14104501
16,1208,SI,70346,147481,I05,B10,OC,1200,BH,001,BO,SW,14104501
17,1208,SI,70346,147481,I05,B10,OC,1200,BH,001,BO,252,SW,14104501
18,1210,SI,70332,147400,I05,B10,OC,600,48,BH,001,BO,153,SW,14104501
19,1212,SI,70346,147442,I05,B10,OC,700,16,BH,001,BO,323,SW,14104501
20,1214,SI,70364,147458,I05,B10,OC,900,BH,001,BO,SW,14104501
21,1216,SI,70364,147458,I04,B10,OC,0900,19,BH,001,108,SW,14104502
22,1218,SI,70364,147458,I04,B10,OC,0900,18,BH,001,133,SW,14104502
23,1221,SD,70362,147403,I04,B10,OC,0900,14104502
24,1221,SI,70362,147403,I04,B10,OC,700,10,BH,002,153,SW,14104502
25,1222,SI,70340,147380,I05,B10,OC,700,29,BH,001,135,SW,14104502
26,1225,SI,70330,147330,I07,B10,OC,700,12,BH,002,168,SW,14104502
27,1230,SI,70355,147360,I08,B10,OC,700,BH,001,SW,14104502
28,1304,PO,70200,147433,I09,B10,OC,600,14104502
29,1310,PO,70124,147224,I10,B10,OC,600,14104502
30,1324,SI,70340,147173,I09,B10,OC,600,18,BH,001,033,SW,14104502
31,1326,SI,70327,147187,I08,B10,OC,600,12,BH,001,171,SW,14104502
32,1327,SI,70315,147191,I07,B10,OC,600,60,BH,001,135,SW,14104502
33,1328,SI,70313,147192,I07,B10,OC,600,42,BH,001,315,SW,14104502
34,1330,SI,70307,147208,I07,B10,OC,600,10,BH,001,14104502
35,1332,SI,70312,147116,I07,B10,OC,600,34,BH,001,133,SW,14104502
36,1333,SD,70313,147132,I07,B10,OC,600,14104502
37,1356,PO,70390,147160,I07,B10,OC,1000,14104502
38,1401,PO,70390,146418,I07,B10,OC,1000,14104502
39,1405,SI,70336,146400,I07,B10,OC,1000,38,BH,001,121,SW,14104502
40,1420,PO,70124,146400,I07,B10,OC,800,14104502
41,1543,PO,70124,146141,I03,B10,OC,0800,14104503
42,1550,SI,70230,146118,I03,B10,OC,800,20,BH,001,344,SW,14104503
43,1551,SI,70237,146125,I04,B10,OC,800,25,BH,001,164,SW,14104503
44,1551,SI,70245,146126,I05,B10,OC,800,10,BH,001,164,SW,14104503
45,1600,PO,70390,146085,I04,B10,OC,800,14104503
46,1602,PO,70390,146000,I05,B10,OC,800,14104503
47,1617,SD,70294,147155,I04,B10,OC,1400,14104503
48,1617,SI,70294,147155,I05,B10,OC,1400,BH,001,003,SW,14104503
50,1703,SI,70306,147176,I05,B10,OC,800,BH,003,14104503
51,1704,SI,70314,147189,I05,B10,OC,1100,BH,002,RE,14104503
52,1706,SI,70317,147202,I05,B10,OC,700,39,BH,001,31,SW,14104503
53,1706,SI,70317,147202,I05,B10,OC,700,32,BH,001,173,SW,14104503
54,1706,SI,70317,147202,I05,B10,OC,700,21,BH,001,SW,14104503
55,1707,SI,70320,147179,I06,B10,OC,700,12,BH,001,113,SW,14104503
56,1713,SI,70309,147208,I07,B10,OC,800,21,BH,002,355,SW,14104503
57,1735,PO,70197,147492,I07,B10,OC,800,14104503
58,1745,LD,2,70119,148280,I07,B10,OC,14104503
01,1023,LA,1R,70120,148300,I09,B10,OC,600,15104601
02,1054,LC,70340,149400,I09,B10,OC,600,15104601
03,1100,LC,70390,148530,I09,B10,OC,600,15104601
04,1106,LC,70277,148376,I09,B10,OC,600,15104601
05,1109,LC,70243,148233,I09,B10,OC,600,00000000
12,1241,LC,70390,146520,I09,B10,OC,600,15104601
13,1256,LC,70124,146500,I09,B10,OC,600,15104601
14,1259,LC,70124,146195,I09,B10,OC,600,15104601
15,1314,SI,70309,146148,I09,B10,OC,600,10,BH,1,010,15104601
16,1322,SI,70306,146186,I09,B10,OC,1000,BH,1,315,15104601
17,1330,LC,70390,146115,I09,B10,OC,600,15104601
18,1332,LC,70390,146000,I09,B10,OC,600,15104601
19,1345,LC,2,70124,146000,I09,B10,OC,600,15104601
01,1533,LA,1R,70120,148300,I09,B10,OC,700,15104701
02,1558,LC,70420,146235,I09,B10,OC,700,15104701
03,1612,LC,71100,146090,I09,B10,OC,700,15104701
04,1619,LC,71100,146474,I09,B10,OC,700,15104701
05,1633,LC,70420,146462,I09,B10,OC,700,15104701
06,1636,SI,70428,146583,I09,B10,OC,700,BH,1,235,15104701
07,1637,SI,70422,146560,I09,B10,OC,700,09,BH,1,040,15104701
08,1648,SI,70409,146552,I09,B10,OC,700,52,BH,1,330,15104701
09,1655,SI,70434,146584,I09,B10,OC,700,20,BH,1,180,15104701
10,1659,SI,70428,146590,I09,B10,OC,700,26,BH,1,260,15104701
11,1706,SI,70431,146581,I09,B10,OC,700,10,BH,3,270,15104701
12,1718,SI,70422,147009,I09,B10,OC,700,BH,1,340,15104701
13,1719,SI,70430,146582,I09,B10,OC,700,22,BH,1,180,15104701
14,1723,SI,70430,147011,I09,B10,OC,700,BH,1,270,15104701
15,1732,SI,70413,147263,I09,B10,OC,700,10,BH,1,200,15104701
16,1753,LD,2,70120,148300,I09,B10,OC,700,15104701
01,1009,LA,1R,70111,148272,I09,B10,CR,1000,16104801
02,1014,LC,70340,149400,I09,B10,CR,1000,16104801
03,1047,LC,70390,148513,I09,B10,CR,1000,16104801
04,1052,LC,70277,148527,I09,B10,CR,1000,16104801
05,1059,LC,70243,148152,I09,B10,CR,1000,16104801
06,1107,LC,70390,148172,I09,B10,CR,1000,16104801
07,1113,LC,70390,147390,I09,B10,CR,1000,16104801
08,1134,LC,70200,147535,I09,B10,CR,1000,16104801
09,1142,LC,70124,147082,I09,B10,CR,1000,16104801
10,1206,LC,70390,147105,I09,B10,CR,1000,16104801
11,1210,LC,70390,146481,I09,B10,CR,1000,16104801
12,1225,LC,70124,146530,I09,B10,CR,1000,16104801
13,1233,LC,70124,146075,I09,B10,CR,1000,16104801
14,1241,SI,70231,146046,I09,B10,CR,1000,10,BH,1,310,16104801
15,1242,SI,70251,146069,I09,B10,CR,1000,25,BH,1,175,16104801
16,1247,SI,70243,146013,I09,B10,CR,1000,BH,2,240,20,CO,16104801
17,1255,SI,70243,146013,I09,B10,CR,1000,BH,2,290,16104801
18,1305,SI,70243,146013,I09,B10,CR,1000,BH,1,305,16104801
19,1311,SI,70224,145490,I09,B10,CR,1000,BH,1,200,40,16104801
20,1312,SI,70229,145499,I09,B10,CR,1000,BH,3,295,25,SW,16104801
20,1316,SI,70249,145490,I09,B10,CR,1000,BH,1,305,16104802
21,1317,SI,70249,145490,I09,B10,CR,1000,BH,1,16104802
22,1321,SI,70230,145490,I09,B10,CR,1000,BH,4,SW,16104802
23,1335,SD,70227,145453,I09,B10,CR,1000,16104802
24,1339,SI,70227,145453,I09,B10,CR,1000,BH,1,16104802
25,1341,SI,70227,145453,A09,B10,CP,1000,00000000
00,0000,00,70120,148300,I09,B07,OC,17104901
02,1410,LC,70190,147500,I09,B07,OC,17104901
03,1420,LC,70390,148040,I09,B07,OC,17104901
04,1430,LC,70390,147300,I09,B07,OC,17104901
05,1445,LC,70137,147300,I09,B07,OC,17104901
06,1500,LC,70137,147125,I09,B07,OC,17104901
07,1507,SI,70336,146232,I09,B07,OC,800,10,BH,1,BO,40,17104901
08,1516,SI,70340,146258,I09,B07,OC,800,BH,1,17104901
09,1524,SI,70390,146120,I09,B07,OC,800,17104901
10,1540,SI,70112,146300,I09,B07,OC,800,17104901
11,1605,LD,2,70120,148300,I09,B07,OC,800,17104901
01,0952,LA,1R,70120,148300,I09,B07,OC,700,18105001
02,1009,LC,70340,149400,I09,B07,OC,700,18105001
03,1011,SI,70348,149250,I09,B07,OC,700,15,PR,1,18105001
04,1027,SI,70390,148318,I09,B07,OC,700,18105001
05,1033,SI,70277,148360,I09,B07,OC,700,18105001
06,1036,SI,70243,148237,I09,B07,OC,700,18105001
07,1045,SI,70390,148068,I09,B07,OC,700,18105001
08,1055,SI,70390,147432,I09,B07,OC,700,18105001
09,1106,SI,70200,147490,I09,B07,OC,700,18105001
10,1117,SI,70124,147071,I09,B07,OC,700,18105001
11,1130,SI,70390,147235,I09,B07,OC,700,18105001
12,1145,SI,70390,146429,I09,B07,OC,700,18105001
13,1200,SI,70124,146410,I09,B07,OC,700,18105001
14,1207,SI,70124,146064,I09,B07,OC,700,18105001
15,1221,SI,70390,146210,I09,B07,OC,700,18105001
16,1225,SI,70390,146000,I09,B07,OC,700,18105001
17,1240,SI,70124,146000,I09,B07,OC,700,18105001
18,1303,SI,2,70120,148300,I09,B07,OC,700,18105001
01,1406,LA,1R,70120,148300,I09,B10,OC,800,18105101
02,1426,LC,70240,146150,I09,B10,OC,800,18105101
03,1436,LC,70380,145140,I09,B10,OC,800,18105101
04,1450,LC,70120,145410,I09,B10,OC,800,18105101
05,1458,LC,70060,145075,I09,B10,OC,800,18105101
06,1522,LC,70380,145115,I09,B10,OC,800,18105101
07,1527,LC,70380,144450,I09,B10,OC,800,18105101
08,1535,SI,70283,144455,I09,B10,OC,800,21,BH,2,BO,248,30,18105101
09,1557,LC,70060,144430,I09,B10,OC,800,18105101
10,1606,LC,70060,144062,I09,B10,OC,800,18105101
11,1623,LC,70380,144078,I09,B10,OC,800,18105101
12,1625,LC,70380,143425,I09,B10,OC,800,18105101
13,1641,LC,70120,143450,I09,B10,OC,800,18105101
14,1735,LD,2,70120,148300,I09,B10,OC,800,18105101
01,1010,LA,1R,70120,148300,I09,B10,OC,700,19105201
02,1034,LC,70124,146000,I09,B10,OC,700,19105201
03,1048,LC,70390,146000,I09,B10,OC,700,19105201
04,1052,LC,70390,146195,I09,B10,OC,700,19105201
05,1106,LC,70124,146160,I09,B10,OC,700,19105201
06,1112,LC,70124,146510,I09,B10,OC,700,19105201
07,1127,LC,70390,146385,I09,B10,OC,700,19105201
02,1411,LC,71000,152000,I09,B07,OC,1000,19105301
03,1428,SI,71109,151390,I09,B07,OC,400,BH,1,360,25,SW,19105301
04,1430,SD,71114,151404,I09,B07,OC,400,19105301
05,1433,SI,71109,151392,I09,B07,OC,400,BH,1,19105301
06,1434,SI,71107,151385,I09,B07,OC,400,8,BH,1,165,19105301
07,1435,SI,71112,151404,I09,B07,OC,400,BH,1,35,SW,19105301
08,1436,SI,71110,151412,I09,B07,OC,500,13,BH,1,214,19105301
09,1440,SI,71103,151388,I09,B07,OC,500,13,BH,1,19105301
10,1446,SI,71101,151364,I09,B07,OC,500,10,BH,1,19105301
11,1451,SI,71100,151353,I09,B07,OC,500,14,BH,2,132,45,SW,19105301
12,1453,SI,71108,151336,I09,B07,OC,500,18,BH,2,072,19105301
13,1454,SI,71106,151353,I09,B07,OC,500,BH,1,302,45,TS,19105301
14,1504,LC,71200,151500,I09,B07,OC,300,19105301
15,1510,LC,71200,151200,I09,B07,OC,300,19105301
16,1518,SI,71085,151158,I09,B07,OC,300,2,BH,1,19105301
17,1521,SI,71090,151120,I09,B07,OC,800,17,BH,2,335,19105301
18,1523,SI,71088,151128,I09,B07,OC,800,BH,3,210,19105301
19,1524,SD,71091,151124,I09,B07,OC,800,19105301
20,1526,SI,71095,151180,I09,B07,OC,800,47,BH,1,19105301
21,1534,SI,71078,151090,I09,B07,OC,600,17,BH,5,19105302
22,1536,SD,71086,151106,I09,B07,OC,600,19105302
23,1539,SI,71089,151136,I09,B07,OC,600,31,BH,1,19105302
24,1540,SI,71086,151156,I09,B07,OC,600,22,BH,1,19105302
25,1541,SI,71090,151157,I09,B07,OC,600,12,BH,1,19105302
26,1543,SI,71084,151125,I09,B07,OC,600,BH,1,19105302
27,1552,LC,71000,151100,I09,B07,OC,600,19105302
28,1557,LC,71000,150460,I09,B07,OC,600,19105302
29,1607,LC,71200,150400,I09,B07,OC,600,19105302
30,1609,SI,71211,150283,I09,B07,OC,500,21,BE,15,19105302
31,1638,LC,71200,150130,I09,B07,OC,500,19105302
32,1649,LC,71000,150120,I09,B07,OC,500,19105302
33,1657,LC,70490,149440,I09,B07,OC,500,19105302
34,1730,LD,2,71120,148300,I09,B07,OC,500,19105302
01,0932,LA,1R,70119,148280,I09,B08,OC,0000,20105401
02,0942,SI,70337,149151,I10,B09,OC,800,PN,1,BO,OI,20105401
03,0945,SI,70345,149167,I10,B10,OC,800,PN,1,BO,OI,20105401
04,0945,SI,70345,149167,I09,B10,OC,800,PN,1,BO,OI,20105401
05,0947,SI,70348,149178,I09,B10,OC,800,PN,2,BO,OI,20105401
06,0949,SI,70419,149331,I09,B10,OC,500,PN,1,BO,OI,20105401
07,0951,SI,70434,149347,I09,B10,OC,500,PN,1,BO,OI,20105401
08,0953,PO,70490,149440,I09,B08,OC,500,PN,1,BO,OI,20105401
09,0955,SI,70552,149426,I09,B07,OC,500,PN,1,BO,OI,20105401
10,0956,SI,70566,149434,I09,B06,PF,500,PN,1,BO,OI,20105401
11,1009,PO,71200,149420,I09,B06,PF,500,20105401
12,1013,SD,71195,149348,I09,B05,SN,500,20105401
13,1023,PO,71200,149120,I09,B07,PF,500,20105401
14,1035,SI,70533,149117,I09,B07,OC,500,PN,1,BO,OI,20105401
15,1044,PO,70400,149120,I09,B07,OC,500,20105401
16,1050,PO,70400,148400,I09,B07,OC,1000,`,20105401
24,1136,SI,70457,148088,I09,B10,OC,500,PN,1,BO,SW,20105402
25,1136,SI,70452,148089,I09,B10,OC,500,PN,1,BO,OI,20105402
26,1138,PO,70400,148090,I09,B10,OC,500,20105402
27,1139,SI,70393,148043,I09,B10,OC,500,PN,3,BO,OI,20105402
28,1145,PO,70400,147485,I09,B10,OC,500,20105402
29,1159,PO,71100,147420,I09,B10,OC,500,20105402
30,1204,PO,71100,147130,I09,B10,OC,350,20105402
31,1221,PO,70400,147170,I09,B10,OC,500,20105402
32,1223,SI,70384,147122,I09,B10,OC,500,PN,3,BO,OI,20105402
33,1224,SI,70392,147032,I09,B10,OC,500,PN,1,BO,OI,20105402
34,1227,PO,70400,146430,I09,B10,PF,500,20105402
35,1241,PO,71100,146420,I09,B10,PF,500,20105402
36,1249,PO,71100,146000,I09,B10,SN,500,20105402
37,1305,PO,70400,146000,I09,B10,OC,500,20105402
38,1307,SI,70379,146041,I09,B10,OC,500,21,BH,1,BO,195,40,SW,20105402
39,1312,SD,70372,146062,I09,B10,OC,500,20105402
40,1332,SI,70334,146309,I09,B10,OC,500,PN,4,BO,OI,20105402
41,1332,SI,70334,146309,I09,B10,OC,500,PN,5,BO,OI,20105403
42,1333,SI,70333,146324,I09,B10,OC,500,PN,2,BO,OI,20105403
43,1334,SI,70328,146348,I09,B10,OC,500,PN,1,BO,OI,20105403
44,1335,SI,70326,146356,I09,B10,OC,500,PN,1,BO,OI,20105403
45,1336,SI,70310,146424,I09,B10,OC,500,PN,1,BO,OI,20105403
46,1338,SI,70302,146457,I10,B10,OC,500,PN,1,BO,OI,20105403
47,1338,SI,70301,146464,I10,B10,OC,500,PN,1,BO,OI,20105403
48,1340,SI,70295,146503,I10,B10,OC,500,PN,8,BO,OI,20105403
49,1405,LD,2,70119,148280,I10,B10,OC,0000,20105403
01,1024,LA,1R,70120,148280,B10,OC,0000,21105501
02,1039,PO,70340,149400,I10,B10,OC,500,21105501
03,1045,SI,70378,149025,I10,B07,PF,300,PN,17,BO,OI,21105501
04,1047,SI,70386,148551,I09,B06,PF,300,PN,1,BO,OI,21105501
05,1049,PO,70390,148478,I09,B07,PF,300,21105501
06,1050,SI,70337,148419,I09,B10,OC,300,PN,2,BO,OI,21105501
07,1050,SI,70321,148404,I09,B10,OC,300,PN,1,BO,OI,21105501
08,1051,PO,70277,148378,I09,B10,OC,300,21105501
09,1053,SI,70264,148366,I09,B10,OC,300,PN,1,BO,OI,21105501
10,1053,SI,70264,148228,I09,B10,OC,300,PN,1,BO,OI,21105501
11,1101,SI,70248,148120,I09,B10,OC,300,PN,1,BO,OI,21105501
12,1102,PO,70243,148081,I09,B10,OC,300,21105501
13,1107,SI,70300,148117,I09,B10,OC,300,PN,1,BO,OI,21105501
14,1108,SI,70329,148140,I09,B10,OC,300,PN,2,BO,OI,21105501
15,1109,SI,70360,148160,I09,B10,OC,300,PN,1,BO,OI,21105501
16,1110,SI,70390,148180,I09,B06,PF,300,PN,2,BO,OI,21105501
17,1111,SI,70423,148178,I09,B06,PF,300,PN,1,BO,OI,21105501
18,1112,PO,70390,148174,I09,B05,PF,300,21105501
19,1119,SI,70390,147390,I09,B06,PF,300,PN,1,BO,OI,21105501
20,1120,PO,70390,147390,I09,B06,PF,300,21105501
21,1123,SI,70314,147423,I09,B06,PF,300,PN,1,BO,OI,21105502
22,1124,SI,70297,147426,I09,B09,OC,300,PN,1,BO,OI,21105502
23,1125,SI,70287,147433,I09,B10,OC,300,PN,2,BO,OI,21105502
24,1126,SI,70245,147444,I09,B10,OC,300,21105502
31,1140,SI,70226,147200,I09,B10,OC,400,PN,5,BO,OI,21105502
32,1141,SI,70247,147199,I09,B10,OC,400,PN,2,BO,OI,21105502
33,1142,SI,70251,147196,I09,B10,OC,400,PN,1,BO,OI,21105502
34,1151,PO,70390,147160,I09,B07,PF,500,21105502
35,1156,PO,70390,146500,I09,B06,PF,500,21105502
36,1159,SD,70349,146596,I09,B10,OC,500,21105502
37,1209,SI,70179,146380,I09,B10,OC,300,PN,2,BO,OI,21105502
38,1210,SI,70167,146375,I09,B10,OC,300,PN,1,BO,OI,21105502
39,1211,SI,70161,146374,I09,B10,OC,300,PN,1,BO,OI,21105502
40,1212,SI,70133,146377,I09,B06,PF,300,PN,1,BO,OI,21105502
41,1213,PO,70124,146355,I09,B03,FG,300,21105503
42,1217,PO,70124,146113,I09,B04,FG,300,21105503
43,1224,SI,70204,146156,I09,B07,PF,400,PN,1,BO,OI,21105503
44,1225,SI,70223,146168,I09,B10,OC,400,PN,1,BO,OI,21105503
45,1225,SI,70227,146171,I09,B10,OC,400,PN,5,BO,OI,21105503
46,1226,SI,70258,146199,I09,B10,OC,400,PN,1,BO,OI,21105503
47,1227,SI,70269,146192,I09,B10,OC,400,PN,1,BO,OI,21105503
48,1228,SI,70288,146182,I09,B10,OC,400,PN,3,BO,OI,21105503
49,1228,SI,70298,146189,I09,B10,OC,400,PN,4,BO,OI,21105503
50,1229,SI,70327,146182,I09,B10,OC,400,PN,1,BO,OI,21105503
51,1231,SD,70363,146194,I09,B10,OC,200,21105503
52,1237,PO,70390,146211,I09,B10,OC,500,21105503
53,1240,PO,70390,146000,I09,B10,OC,500,21105503
54,1242,SI,70359,146001,I09,B10,OC,500,PN,1,BO,OI,21105503
55,1243,SI,70331,146011,I09,B10,OC,500,PN,1,BO,OI,21105503
56,1244,SI,70323,146007,I09,B10,OC,500,PN,1,BO,OI,21105503
57,1245,SI,70317,146018,I09,B10,OC,500,PN,1,BO,OI,21105503
58,1245,SI,70312,146018,I09,B10,OC,500,PN,1,BO,OI,21105503
59,1246,SI,70306,146023,I09,B10,OC,500,PN,4,BO,OI,21105503
60,1247,SI,70297,146015,I09,B10,OC,500,PN,1,BO,OI,21105503
42,1248,SI,70272,146005,I09,B10,OC,500,PN,1,BO,OI,21105504
43,1248,SI,70266,146000,I09,B10,OC,500,PN,1,BO,OI,21105504
44,1249,SI,70251,145599,I09,B10,OC,500,PN,1,BO,OI,21105504
45,1250,SI,70248,146005,I09,B10,OC,500,PN,2,BO,OI,21105504
46,1251,SI,70238,146004,I09,B10,OC,500,PN,21105504
47,1251,SI,70235,146000,I09,B10,OC,500,PN,21105504
48,1251,SI,70230,146598,I09,B10,OC,500,PN,21105504
49,1252,SI,70191,145589,I09,B10,OC,500,PN,2,BO,OI,21105504
50,1252,SI,70191,145589,I09,B10,OC,500,PR,1,BO,OI,21105504
51,1257,PO,70124,146000,I09,B10,OC,500,21105504
52,1330,LD,2,70120,148280,I09,B10,OC,500,21105504
01,1404,LA,1R,70120,148300,I09,B10,OC,350,21105505
02,1430,LC,70500,150000,I09,B10,OC,350,21105505
03,1454,LC,71110,153000,I09,B10,OC,350,21105505
04,1501,SI,71170,153505,I09,B10,OC,350,5,BH,1,21105505
05,1504,SI,71181,154037,I09,B10,OC,350,10,BH,1,21105505
06,1518,SI,71305,155399,I09,B10,OC,350,13,BH,1,21105505
07,1526,LC,71330,156000,I09,B10,OC,350,21105505
08,1545,LD,2,71120,156300,I09,B10,OC,350,21105505
01,0924,LA,1R,71230,156300,I09,B10,OC,350,00000000
03,1126,LC,70390,148380,I09,B10,OC,800,23105601
04,1132,LC,70277,148475,I09,B10,OC,800,23105601
05,1145,LC,70243,148090,I09,B10,OC,800,23105601
06,1218,LC,70124,146000,I09,B10,OC,800,23105601
07,1233,LC,70390,146000,I09,B10,OC,800,23105601
08,1236,LC,70390,146115,I09,B10,OC,800,23105601
09,1258,LC,70124,146130,I09,B10,OC,800,23105601
10,1301,LC,70124,146410,I09,B10,OC,800,23105601
11,1307,LC,70390,146350,I09,B10,OC,800,23105601
12,1323,LC,70390,147110,I09,B10,OC,800,23105601
13,1339,LC,70124,147070,I09,B10,OC,800,23105601
14,1347,LC,70200,147530,I09,B10,OC,800,23105601
15,1358,LC,70390,147520,I09,B10,OC,800,23105601
16,1402,LC,70390,148140,I09,B10,OC,800,23105601
17,1420,LD,2,70120,148300,I09,B10,OC,800,23105601
01,1021,LA,1R,70104,148300,V05,OC,25105701
03,1155,SI,70368,149578,I09,V05,OC,500,PR,1,25105701
04,1158,LC,70340,149400,I09,V05,OC,500,25105701
05,1210,LC,70390,148495,I09,V05,OC,500,25105701
06,1217,LC,70277,148375,I09,V05,OC,500,25105701
07,1220,LC,70243,148240,I09,V05,OC,500,25105701
08,1231,LC,70390,148130,I09,V05,OC,500,25105701
09,1237,LC,70390,147410,I09,V05,OC,500,25105701
10,1246,LC,70200,147470,I09,V05,OC,500,25105701
11,1253,LC,70124,147175,I09,V05,OC,500,25105701
12,1310,LC,70390,147085,I09,V05,OC,500,25105701
13,1314,LC,70390,146485,I09,V05,OC,500,25105701
14,1333,LC,70124,146445,I09,V05,OC,500,25105701
15,1344,LC,70124,146180,I09,V05,OC,500,25105701
16,1355,LC,70390,146150,I09,V05,OC,500,25105701
17,1358,LC,70390,146000,I09,V05,OC,500,25105701
18,1413,LC,70124,146000,I09,V05,OC,500,25105701
19,1435,LD,2,70120,148300,I09,V05,OC,500,25105701
01,1006,LA,1R,70120,148280,B10,SN,0000,26105801
02,1035,PO,70124,146000,I10,B10,OC,500,26105801
03,1048,PO,70390,146000,I10,B10,OC,500,26105801
04,1052,PO,70390,146187,I10,B15,OC,500,26105801
05,1055,SD,70383,146237,I09,B20,OC,200,26105801
06,1100,SD,70379,146276,I09,B20,OC,050,26105801
07,1105,SD,70389,146322,I09,B20,OC,500,26105801
08,1106,SI,70390,146311,I09,B20,OC,400,PN,001,BO,OI,26105801
09,1125,PO,70124,146185,I09,B20,OC,500,26105801
10,1130,PO,70124,146455,I09,B20,OC,500,26105801
11,1145,PO,70390,146400,I09,B20,OC,500,26105801
12,1152,PO,70390,147170,I09,B20,OC,500,26105801
13,1205,PO,70124,147205,I09,B20,OC,500,26105801
14,1213,PO,70200,147515,I09,B20,OC,500,26105801
15,1224,PO,70390,147380,I09,B20,OC,500,26105801
16,1231,PO,70390,148167,I09,B20,OC,500,26105801
17,1239,PO,70243,148165,I10,B20,OC,500,00000000
00,0000,00,1R,70120,148280,000,B10,OC,0000,26105901
02,1506,PO,70420,146134,I10,B20,PC,1000,26105901
03,1526,PO,71200,146069,I10,B20,PC,1000,26105901
04,1532,PO,71200,146533,I09,B20,PC,1000,26105901
05,1539,SD,71154,146492,I09,B20,PC,1000,26105901
06,1559,PO,70420,146390,I09,B20,PC,1000,26105901
07,1603,PO,70420,147069,I09,B20,PC,1000,26105901
08,1626,PO,71200,147230,I09,B20,PC,1000,26105901
09,1630,PO,71200,147528,I09,B20,PC,1000,26105901
10,1649,PO,70420,147520,I10,B20,PC,1000,26105901
11,1705,LD,2,70120,148280,B10,OC,0000,26105901
01,1040,LA,1R,70120,148280,B10,OC,0000,27106001
02,1114,PO,70450,150430,I10,B12,OC,1000,27106001
03,1142,PO,71400,150535,I10,B15,OC,1000,27106001
04,1155,PO,71200,150160,I09,B20,OC,1000,27106001
05,1202,SD,71120,150132,I09,B20,OC,200,27106001
06,1222,PO,70420,150081,I09,B20,OC,1000,27106001
07,1231,PO,70420,149528,I09,B20,OC,1000,27106001
08,1247,PO,71200,149360,I09,B20,OC,1000,27106001
09,1251,PO,71200,149184,I09,B20,OC,1000,27106001
10,1312,PO,70420,149130,I09,B20,OC,1000,27106001
11,1318,PO,70420,148466,I09,B20,OC,1000,27106001
12,1340,PO,71200,148370,I09,B07,PF,1000,27106001
13,1344,PO,71200,148165,I09,B06,PF,1000,27106001
14,1404,PO,70420,148200,I09,B03,FG,1000,27106001
15,1421,LD,2,70120,148280,I09,B10,OC,0000,27106001
01,1501,LA,1R,70120,148280,B10,OC,0000,27106101
02,1546,PO,70060,144400,I10,B10,OC,700,27106101
03,1603,PO,70380,144440,I10,B10,OC,700,27106101
04,1609,PO,70380,145180,I09,B07,LC,500,27106101
05,1625,PO,70060,145160,I09,B06,PF,500,27106101
06,1631,PO,70110,145483,I09,B05,PF,500,27106101
07,1647,PO,70380,145520,I10,B05,PF,500,27106101
08,1715,LD,2,70120,148280,B07,LC,0000,27106101
01,1015,LA,1R,70120,148280,LC,0000,28106201
02,1030,PO,70340,149400,I10,B10,OC,1000,28106201
03,1043,PO,70390,148375,I10,B10,LC,500,28106201
04,1049,PO,70277,148495,I10,B09,LC,500,28106201
05,1058,PO,70243,148068,I09,B08,LC,500,28106201
06,1107,PO,70390,148162,I09,B08,LC,500,28106201
07,1113,PO,70390,147530,I09,B08,LC,500,28106201
08,1123,PO,70200,147450,I09,B08,LC,500,28106201
09,1130,PO,70124,147085,I09,B08,LC,500,28106201
10,1136,PO,70390,147136,I09,B08,LC,500,28106201
11,1151,PO,70390,146485,I09,B08,LC,500,28106201
12,1205,PO,70124,146515,I09,B08,LC,500,28106201
13,1210,PO,70124,146211,I09,B08,LC,500,28106201
14,1222,PO,70326,146213,I09,B08,LC,500,PN,001,28106201
15,1225,SI,70390,146224,I09,B08,LC,500,28106201
16,1230,PO,70390,146000,I09,B08,LC,500,28106201
03,1020,LC,70498,148510,I09,B10,CR,700,29106301
05,1101,LC,70200,147430,I09,B10,CR,700,29106301
06,1105,LC,70200,147268,I09,B10,CR,700,29106301
07,1121,LC,70390,147400,I09,B10,CR,700,29106301
08,1130,LC,70390,147000,I09,B10,CR,700,29106301
09,1143,LC,70124,146420,I09,B10,CR,700,29106301
10,1148,LC,70124,146200,I09,B10,CR,700,29106301
11,1203,LC,70390,146190,I09,B10,CR,700,29106301
12,1406,LC,70390,146019,I09,B10,CR,700,29106301
13,1417,LC,70184,146019,I09,B10,CR,700,29106301
14,1423,LC,70124,146019,I09,B10,CR,700,29106301
15,1456,LD,2,70120,148300,I09,B10,CR,700,29106301
01,1457,LA,1R,70120,148300,I09,B10,CR,700,29106302
02,1512,LC,71000,151000,I09,B10,CR,700,29106302
03,1520,LC,71133,151513,I09,B10,CR,700,29106302
04,1525,LC,71400,156006,I09,B10,CR,700,29106302
05,1615,LD,2,71200,156380,I09,B10,CR,700,29106302
01,1015,LA,1R,71230,156300,I09,B07,OC,600,30106401
02,1052,LC,71050,153163,I09,B07,OC,600,30106401
03,1110,LC,71350,153070,I09,B07,OC,600,30106401
04,1116,LC,71350,153430,I09,B07,OC,600,30106401
05,1132,LC,71050,153460,I09,B07,OC,600,30106401
06,1140,LC,71120,154235,I09,B07,OC,600,30106401
07,1200,LC,71510,154035,I09,B07,OC,600,30106401
08,1207,LC,71510,154475,I09,B07,OC,600,30106401
09,1221,LC,71220,154390,I09,B07,OC,600,30106401
10,1237,LC,71300,155124,I09,B07,OC,600,30106401
11,1254,LC,72000,155130,I09,B07,OC,600,30106401
12,1259,LC,72000,155470,I09,B07,OC,600,30106401
13,1316,LC,71300,155425,I09,B07,OC,600,30106401
14,1334,LC,71370,156210,I09,B07,OC,600,30106401
15,1350,LC,72050,156130,I09,B07,OC,600,30106401
16,1355,LC,72050,156460,I09,B07,OC,600,30106401
17,1415,LC,71370,156465,I09,B07,OC,600,30106401
18,1420,LD,2,71230,156300,I09,B07,OC,600,30106401
01,1027,LA,1R,71230,156300,I09,B03,OC,31106501
02,1043,LC,71570,157465,I09,B03,OC,31106501
03,1104,LC,72250,157460,I09,B03,OC,31106501
04,1110,LC,72250,157130,I09,B03,OC,31106501
05,1125,LC,71570,157210,I09,B03,OC,31106501
06,1131,LC,71500,156425,I09,B03,OC,31106501
07,1152,LC,72200,156470,I09,B03,OC,31106501
08,1159,LC,72200,156130,I09,B03,OC,31106501
09,1215,LC,71500,156124,I09,B03,OC,31106501
10,1222,LC,71420,155390,I09,B03,OC,31106501
11,1240,LC,72150,155475,I09,B03,OC,31106501
12,1253,LC,72150,155035,I09,B03,OC,31106501
13,1326,LC,71420,155235,I09,B03,OC,31106501
14,1410,LD,2,71230,156300,I09,B03,OC,31106501
