,Key,Row,LAT,LON,Season,Year
0,6,0,70.65,-145.75,FAL,79
1,7,0,70.2,-148.5,FAL,79
2,7,1,70.18333333333334,-145.88333333333333,FAL,79
3,7,2,70.2,-148.5,FAL,79
4,9,0,70.18583333333333,-148.46666666666667,FAL,79
5,9,1,70.18583333333333,-148.46666666666667,FAL,79
6,9,2,70.2,-148.5,FAL,79
7,9,3,70.31666666666666,-147.83333333333334,FAL,79
8,9,4,70.65,-148.06666666666666,FAL,79
9,9,5,70.65,-147.5,FAL,79
10,9,6,70.21861111111112,-147.5,FAL,79
11,9,7,70.21861111111112,-147.20138888888889,FAL,79
12,9,8,70.16777777777779,-148.5,FAL,79
13,9,9,70.2,-148.46666666666667,FAL,79
14,9,10,71.95,-157.76805555555558,FAL,79
15,9,11,72.41666666666667,-157.76666666666668,FAL,79
16,9,12,72.41666666666667,-157.21666666666667,FAL,79
17,9,13,71.95,-157.35,FAL,79
18,9,14,71.83333333333333,-156.70138888888889,FAL,79
19,9,15,72.33333333333333,-156.78333333333333,FAL,79
20,9,16,72.33333333333333,-156.21666666666667,FAL,79
21,9,17,71.83333333333333,-156.2011111111111,FAL,79
22,9,18,71.7,-155.65,FAL,79
23,9,19,72.25,-155.78472222222223,FAL,79
24,9,20,72.25,-155.0513888888889,FAL,79
25,9,21,71.7,-155.38472222222222,FAL,79
26,10,0,70.2,-146.06666666666666,FAL,79
27,10,1,70.66666666666667,-146.1,FAL,79
28,10,2,70.66666666666667,-146.63333333333333,FAL,79
29,10,3,70.2,-146.86666666666667,FAL,79
30,10,4,70.2,-147.4,FAL,79
31,10,5,70.60166666666666,-147.25,FAL,79
32,10,6,70.66666666666667,-147.73333333333332,FAL,79
33,10,7,70.3,-147.63333333333333,FAL,79
34,10,8,70.36666666666666,-148.1,FAL,79
35,10,9,70.66666666666667,-148.26666666666668,FAL,79
36,10,10,70.66666666666667,-148.83333333333334,FAL,79
37,10,11,70.65,-148.85083333333333,FAL,79
38,10,12,70.45138888888889,-148.91833333333332,FAL,79
39,10,13,70.40055555555556,-148.25,FAL,79
40,10,14,70.65,-148.13333333333333,FAL,79
41,10,15,70.65,-147.90055555555557,FAL,79
42,10,16,70.31888888888888,-147.86833333333334,FAL,79
43,10,17,70.20083333333334,-147.36666666666667,FAL,79
44,10,18,70.65,-147.26666666666668,FAL,79
45,10,19,70.65,-146.5838888888889,FAL,79
46,10,20,70.1,-145.38472222222222,FAL,79
47,10,21,70.46861111111112,-145.30222222222224,FAL,79
48,10,22,70.63333333333334,-145.2838888888889,FAL,79
49,10,23,70.61833333333333,-145.385,FAL,79
50,10,24,70.63333333333334,-144.6,FAL,79
51,10,25,70.1,-144.68333333333334,FAL,79
52,10,26,70.1,-144.15,FAL,79
53,10,27,70.63333333333334,-144.11805555555557,FAL,79
54,10,28,70.65111111111112,-144.08416666666668,FAL,79
55,10,29,70.63333333333334,-143.60055555555556,FAL,79
56,10,30,70.2,-143.8688888888889,FAL,79
57,10,31,70.2,-143.15,FAL,79
58,10,32,70.63333333333334,-143.25194444444443,FAL,79
59,10,33,70.53527777777778,-145.9186111111111,FAL,79
60,10,34,70.20055555555555,-145.88555555555556,FAL,79
61,10,35,70.58583333333333,-149.61916666666667,FAL,79
62,10,36,70.45138888888889,-148.93472222222223,FAL,79
63,10,37,70.65,-148.6025,FAL,79
64,10,38,70.65,-148.2025,FAL,79
65,10,39,70.40055555555556,-148.3013888888889,FAL,79
66,10,40,70.31888888888888,-147.65,FAL,79
67,10,41,70.65,-147.66666666666666,FAL,79
68,10,42,70.65,-147.10055555555556,FAL,79
69,10,43,70.20083333333334,-147.21916666666667,FAL,79
70,10,44,70.20083333333334,-147.85027777777776,FAL,79
71,10,45,70.1,-144.23388888888888,FAL,79
72,10,46,70.2,-143.73333333333332,FAL,79
73,10,47,70.63333333333334,-143.71666666666667,FAL,79
74,10,48,70.63333333333334,-143.3336111111111,FAL,79
75,10,49,70.2,-143.6,FAL,79
76,10,50,70.63333333333334,-143.61722222222224,FAL,79
77,10,51,70.63333333333334,-143.3175,FAL,79
78,10,52,70.1,-143.35055555555556,FAL,79
79,10,53,70.21666666666667,-146.33333333333334,FAL,79
80,10,54,70.65,-146.4,FAL,79
81,10,55,70.65,-146.73333333333332,FAL,79
82,10,56,70.21666666666667,-146.63333333333333,FAL,79
83,10,57,70.21666666666667,-147.13333333333333,FAL,79
84,10,58,70.65,-147.21666666666667,FAL,79
85,10,59,70.65,-147.66666666666666,FAL,79
86,10,60,70.61861111111111,-147.7175,FAL,79
87,10,61,70.33333333333333,-147.76666666666668,FAL,79
88,10,62,70.4,-148.26666666666668,FAL,79
89,10,63,70.46833333333333,-148.23444444444442,FAL,79
90,10,64,70.65,-148.21666666666667,FAL,79
91,10,65,70.65,-148.85,FAL,79
92,10,66,70.21888888888888,-146.31694444444443,FAL,79
93,10,67,70.65,-146.3,FAL,79
94,10,68,70.65,-148.56666666666666,FAL,79
95,10,69,70.88361111111112,-150.9338888888889,FAL,79
96,10,70,70.45,-148.76666666666668,FAL,79
97,10,71,70.65,-148.83333333333334,FAL,79
98,10,72,70.65,-148.25,FAL,79
99,10,73,70.33333333333333,-147.9,FAL,79
100,10,74,70.65,-147.81666666666666,FAL,79
101,10,75,70.65,-147.43333333333334,FAL,79
102,10,76,70.21666666666667,-146.33333333333334,FAL,79
103,10,77,70.65,-146.3,FAL,79
104,10,78,70.65,-146.75,FAL,79
105,10,79,70.21666666666667,-146.65,FAL,79
106,10,80,70.21666666666667,-147.23333333333332,FAL,79
107,10,81,70.65,-147.18333333333334,FAL,79
108,10,82,70.65,-147.66666666666666,FAL,79
109,10,83,70.33333333333333,-147.78333333333333,FAL,79
110,10,84,70.4,-148.25,FAL,79
111,10,85,70.65,-148.41666666666666,FAL,79
112,10,86,70.65,-148.56666666666666,FAL,79
113,10,87,70.45,-148.93333333333334,FAL,79
114,10,88,70.16666666666667,-145.75,FAL,79
115,10,89,70.61805555555554,-145.66666666666666,FAL,79
116,10,90,70.61805555555554,-145.16666666666666,FAL,79
117,10,91,70.1,-145.33333333333334,FAL,79
118,10,92,70.1,-144.63333333333333,FAL,79
119,10,93,70.61805555555554,-144.58333333333334,FAL,79
120,10,94,70.61722222222221,-144.28555555555556,FAL,79
121,10,95,70.61805555555554,-144.3,FAL,79
122,10,96,70.1,-144.01666666666668,FAL,79
123,10,97,70.2,-143.8,FAL,79
124,10,98,70.33444444444444,-143.80083333333334,FAL,79
125,10,99,70.61805555555554,-143.7,FAL,79
126,10,100,70.61805555555554,-143.15,FAL,79
127,10,101,70.7,-149.65,FAL,79
128,10,102,71.11666666666666,-149.75,FAL,79
129,10,103,71.11666666666666,-149.36666666666667,FAL,79
130,10,104,70.7,-149.36666666666667,FAL,79
131,10,105,70.7,-148.75,FAL,79
132,10,106,71.11666666666666,-148.83333333333334,FAL,79
133,10,107,71.11666666666666,-148.25,FAL,79
134,10,108,70.7,-148.25,FAL,79
135,10,109,70.7,-147.66666666666666,FAL,79
136,10,110,71.11666666666666,-147.66666666666666,FAL,79
137,10,111,71.11666666666666,-147.31666666666666,FAL,79
138,10,112,71.03472222222221,-147.285,FAL,79
139,10,113,70.7,-147.38333333333333,FAL,79
140,10,114,70.7,-146.9,FAL,79
141,10,115,71.11666666666666,-146.68333333333334,FAL,79
142,10,116,71.11666666666666,-146.23333333333332,FAL,79
143,10,117,70.45,-148.53333333333333,FAL,79
144,10,118,70.65,-148.85,FAL,79
145,10,119,70.21666666666667,-146.66666666666666,FAL,79
146,10,120,70.65,-146.65,FAL,79
147,10,121,70.65,-146.25,FAL,79
148,10,122,70.1,-145.13333333333333,FAL,79
149,10,123,70.1,-144.5,FAL,79
150,10,124,70.65,-144.8,FAL,79
151,10,125,70.65,-144.15,FAL,79
152,10,126,70.1,-144.25,FAL,79
153,10,127,70.16777777777779,-146.85027777777776,FAL,79
154,10,128,70.45,-148.9,FAL,79
155,10,129,70.65,-148.61666666666667,FAL,79
156,10,130,70.65,-148.25,FAL,79
157,10,131,70.38333333333334,-148.08333333333334,FAL,79
158,10,132,70.38333333333334,-148.08333333333334,FAL,79
159,10,133,70.33333333333333,-147.83333333333334,FAL,79
160,10,134,70.65,-147.95,FAL,79
161,10,135,70.63527777777779,-147.1025,FAL,79
162,10,136,70.65,-147.05,FAL,79
163,10,137,70.21666666666667,-147.41666666666666,FAL,79
164,10,138,70.21666666666667,-146.53333333333333,FAL,79
165,10,139,70.56805555555555,-146.5525,FAL,79
166,10,140,70.65,-146.6,FAL,79
167,10,141,70.65,-146.33333333333334,FAL,79
168,10,142,70.21666666666667,-146.08333333333334,FAL,79
169,10,143,70.55138888888888,-146.8175,FAL,79
170,10,144,70.75,-146.0,FAL,79
171,10,145,70.75,-142.0,FAL,79
172,10,146,70.2,-142.0,FAL,79
173,10,147,70.2,-142.15,FAL,79
174,10,148,70.63333333333334,-142.18333333333334,FAL,79
175,10,149,70.63333333333334,-142.53333333333333,FAL,79
176,10,150,70.2,-142.76666666666668,FAL,79
177,10,151,70.10138888888888,-142.60027777777776,FAL,79
178,10,152,70.2,-142.76666666666668,FAL,79
179,10,153,70.2,-143.31666666666666,FAL,79
180,10,154,70.63333333333334,-143.18333333333334,FAL,79
181,10,155,70.63333333333334,-143.15222222222224,FAL,79
182,10,156,70.63333333333334,-143.75,FAL,79
183,10,157,70.2,-143.65,FAL,79
184,10,158,70.1,-144.25,FAL,79
185,10,159,71.33333333333333,-146.71666666666667,FAL,79
186,10,160,70.70055555555555,-146.60194444444443,FAL,79
187,10,161,70.70055555555555,-147.41694444444443,FAL,79
188,10,162,70.70111111111112,-147.30194444444444,FAL,79
189,10,163,70.90055555555556,-147.18527777777777,FAL,79
190,10,164,70.98583333333333,-147.33583333333334,FAL,79
191,10,165,71.01666666666667,-147.33333333333334,FAL,79
192,10,166,71.33333333333333,-147.1,FAL,79
193,10,167,71.33333333333333,-147.8013888888889,FAL,79
194,10,168,70.70055555555555,-147.81916666666666,FAL,79
195,10,169,70.70055555555555,-148.3838888888889,FAL,79
196,10,170,71.18444444444445,-148.56777777777776,FAL,79
197,10,171,71.33333333333333,-148.6513888888889,FAL,79
198,10,172,70.70055555555555,-148.6338888888889,FAL,79
199,10,173,70.70055555555555,-149.21916666666667,FAL,79
200,10,174,71.33333333333333,-149.20055555555555,FAL,79
201,10,175,71.33333333333333,-149.73333333333332,FAL,79
202,10,176,70.70055555555555,-149.73333333333332,FAL,79
203,10,177,70.76666666666667,-145.0,FAL,79
204,10,178,70.65194444444445,-142.2175,FAL,79
205,10,179,70.76666666666667,-142.0,FAL,79
206,10,180,70.2,-142.2,FAL,79
207,10,181,70.15,-143.66666666666666,FAL,79
208,10,182,70.15,-143.66666666666666,FAL,79
209,10,183,70.2,-143.83333333333334,FAL,79
210,10,184,70.46916666666667,-143.95083333333332,FAL,79
211,10,185,70.63333333333334,-144.13333333333333,FAL,79
212,10,186,70.63333333333334,-144.63333333333333,FAL,79
213,10,187,70.08333333333333,-144.65,FAL,79
214,10,188,70.08333333333333,-145.26666666666668,FAL,79
215,10,189,70.63333333333334,-145.48333333333332,FAL,79
216,10,190,70.63333333333334,-145.85,FAL,79
217,10,191,70.08333333333333,-145.68333333333334,FAL,79
218,10,192,70.2,-148.5,FAL,79
219,10,193,69.90194444444445,-141.85,FAL,79
220,10,194,69.93583333333333,-141.8336111111111,FAL,79
221,10,195,69.91805555555555,-141.76805555555558,FAL,79
222,10,196,69.93361111111112,-141.8513888888889,FAL,79
223,10,197,70.45,-148.81666666666666,FAL,79
224,10,198,70.65,-148.81666666666666,FAL,79
225,10,199,70.65,-148.28333333333333,FAL,79
226,10,200,70.38333333333334,-148.16666666666666,FAL,79
227,10,201,70.33333333333333,-147.78333333333333,FAL,79
228,10,202,70.65,-147.6,FAL,79
229,10,203,70.65,-147.08333333333334,FAL,79
230,10,204,70.53416666666666,-147.00194444444443,FAL,79
231,10,205,70.2,-147.0,FAL,79
232,10,206,70.2,-146.55,FAL,79
233,10,207,70.65,-146.93333333333334,FAL,79
234,10,208,70.63555555555556,-146.60055555555556,FAL,79
235,10,209,70.65,-146.08333333333334,FAL,79
236,10,210,70.18361111111112,-143.31722222222223,FAL,79
237,10,211,70.16666666666667,-143.15194444444444,FAL,79
238,10,212,70.10166666666666,-142.13416666666666,FAL,79
239,10,213,70.11749999999999,-142.8675,FAL,79
240,10,214,70.40083333333334,-146.0,FAL,79
241,10,215,70.4,-146.535,FAL,79
242,10,216,70.45,-148.7,FAL,79
243,10,217,70.53333333333333,-148.6525,FAL,79
244,10,218,70.66666666666667,-148.71666666666667,FAL,79
245,10,219,70.65027777777779,-148.35027777777776,FAL,79
246,10,220,70.66666666666667,-148.25,FAL,79
247,10,221,70.50027777777778,-148.23499999999999,FAL,79
248,10,222,70.38333333333334,-148.21666666666667,FAL,79
249,10,223,70.31666666666666,-147.8,FAL,79
250,10,224,70.66666666666667,-147.85,FAL,79
251,10,225,70.66666666666667,-147.28333333333333,FAL,79
252,10,226,70.48444444444445,-147.30055555555558,FAL,79
253,10,227,70.2,-147.43333333333334,FAL,79
254,10,228,70.2,-146.56666666666666,FAL,79
255,10,229,70.66666666666667,-146.91666666666666,FAL,79
256,10,230,70.66666666666667,-146.43333333333334,FAL,79
257,10,231,70.63333333333334,-145.81666666666666,FAL,79
258,10,232,70.63333333333334,-145.3,FAL,79
259,10,233,70.1,-145.25,FAL,79
260,10,234,70.1,-144.81666666666666,FAL,79
261,10,235,70.66666666666667,-144.5,FAL,79
262,10,236,70.66666666666667,-144.3,FAL,79
263,10,237,70.1,-144.25,FAL,79
264,10,238,70.2,-148.50222222222223,FAL,79
265,10,239,70.45194444444445,-148.78333333333333,FAL,79
266,10,240,70.40083333333334,-148.3011111111111,FAL,79
267,10,241,70.65,-148.28472222222223,FAL,79
268,10,242,70.65,-147.8013888888889,FAL,79
269,10,243,70.33333333333333,-147.8513888888889,FAL,79
270,10,244,70.20111111111112,-147.11694444444444,FAL,79
271,10,245,70.63416666666667,-147.16666666666666,FAL,79
272,10,246,70.65,-147.3838888888889,FAL,79
273,10,247,70.65,-146.78333333333333,FAL,79
274,10,248,70.20111111111112,-146.78333333333333,FAL,79
275,10,249,70.48333333333333,-147.56666666666666,FAL,79
276,10,250,70.56666666666666,-149.66666666666666,FAL,79
277,10,251,70.65,-148.7175,FAL,79
278,10,252,70.45194444444445,-148.6013888888889,FAL,79
279,10,253,70.40083333333334,-148.23555555555555,FAL,79
280,10,254,70.65,-148.26722222222224,FAL,79
281,10,255,70.61694444444444,-147.83472222222224,FAL,79
282,10,256,70.33333333333333,-147.75,FAL,79
283,10,257,70.20111111111112,-147.31916666666666,FAL,79
284,10,258,70.51694444444445,-147.25194444444443,FAL,79
285,10,259,70.65,-147.25,FAL,79
286,10,260,70.65,-146.635,FAL,79
287,10,261,70.56777777777778,-146.68583333333333,FAL,79
288,10,262,70.20111111111112,-146.83333333333334,FAL,79
289,10,263,70.18583333333333,-148.46666666666667,FAL,79
290,10,264,70.18583333333333,-148.46666666666667,FAL,79
291,10,265,70.16666666666667,-146.0,FAL,79
292,10,266,70.66666666666667,-146.0,FAL,79
293,10,267,70.66666666666667,-146.16666666666666,FAL,79
294,10,268,70.65083333333334,-146.2175,FAL,79
295,10,269,70.16666666666667,-146.16666666666666,FAL,79
296,10,270,70.16666666666667,-146.83333333333334,FAL,79
297,10,271,70.66666666666667,-146.63333333333333,FAL,79
298,10,272,70.18583333333333,-148.46666666666667,FAL,79
299,10,273,70.2,-148.46666666666667,FAL,79
300,10,274,70.56666666666666,-149.66666666666666,FAL,79
301,10,275,70.65,-148.6013888888889,FAL,79
302,10,276,70.45194444444445,-148.78555555555556,FAL,79
303,10,277,70.40083333333334,-148.36666666666667,FAL,79
304,10,278,70.60055555555554,-147.6675,FAL,79
305,10,279,70.33333333333333,-147.7175,FAL,79
306,10,280,70.20111111111112,-147.36777777777777,FAL,79
307,10,281,70.5175,-147.21722222222223,FAL,79
308,10,282,70.65,-147.26666666666668,FAL,79
309,10,283,70.65,-146.68555555555557,FAL,79
310,10,284,70.20111111111112,-146.66666666666666,FAL,79
311,10,285,70.20111111111112,-146.2336111111111,FAL,79
312,10,286,70.65,-146.13472222222222,FAL,79
313,10,287,70.65,-146.0,FAL,79
314,10,288,70.48444444444445,-147.2513888888889,FAL,79
315,10,289,70.31861111111111,-147.81722222222223,FAL,79
316,10,290,70.18583333333333,-148.46666666666667,FAL,79
317,10,291,70.56666666666666,-149.66666666666666,FAL,79
318,10,292,70.65,-148.88333333333333,FAL,79
319,10,293,70.45194444444445,-148.61833333333334,FAL,79
320,10,294,70.40083333333334,-148.38416666666666,FAL,79
321,10,295,70.65,-146.86666666666667,FAL,79
322,10,296,70.20111111111112,-146.83333333333334,FAL,79
323,10,297,70.20111111111112,-146.31805555555556,FAL,79
324,10,298,70.65,-146.18472222222223,FAL,79
325,10,299,70.65,-146.0,FAL,79
326,10,300,70.7,-146.38472222222222,FAL,79
327,10,301,71.16666666666667,-146.15,FAL,79
328,10,302,71.16666666666667,-146.78444444444443,FAL,79
329,10,303,70.7,-146.76722222222224,FAL,79
330,10,304,70.56666666666666,-149.66666666666666,FAL,79
331,10,305,70.65,-148.85083333333333,FAL,79
332,10,306,70.45194444444445,-148.8686111111111,FAL,79
333,10,307,70.40083333333334,-148.25055555555556,FAL,79
334,10,308,70.65,-148.2838888888889,FAL,79
335,10,309,70.65,-147.65,FAL,79
336,10,310,70.33333333333333,-147.88472222222222,FAL,79
337,10,311,70.20111111111112,-147.1338888888889,FAL,79
338,10,312,70.65,-147.16805555555555,FAL,79
339,10,313,70.65,-146.80027777777778,FAL,79
340,10,314,70.20111111111112,-146.88333333333333,FAL,79
341,10,315,70.20111111111112,-146.11805555555557,FAL,79
342,10,316,70.36861111111111,-145.75083333333333,FAL,79
343,10,317,70.36861111111111,-145.75083333333333,FAL,79
344,10,318,70.65,-146.2,FAL,79
345,10,319,70.18388888888889,-146.5,FAL,79
346,10,320,70.56666666666666,-149.66666666666666,FAL,79
347,10,321,70.65,-148.5188888888889,FAL,79
348,10,322,70.45194444444445,-148.6,FAL,79
349,10,323,70.40083333333334,-148.38527777777776,FAL,79
350,10,324,70.65,-148.10222222222222,FAL,79
351,10,325,70.65,-147.71722222222223,FAL,79
352,10,326,70.33333333333333,-147.81666666666666,FAL,79
353,10,327,70.20111111111112,-147.11694444444444,FAL,79
354,10,328,70.65,-147.38472222222222,FAL,79
355,10,329,70.65,-146.7025,FAL,79
356,10,330,70.20111111111112,-146.68333333333334,FAL,79
357,10,331,70.20111111111112,-146.1011111111111,FAL,79
358,10,332,70.65,-146.35,FAL,79
359,10,333,70.65,-146.0,FAL,79
360,10,334,70.20111111111112,-146.0,FAL,79
361,10,335,70.4,-146.25,FAL,79
362,10,336,70.63333333333334,-145.23333333333332,FAL,79
363,10,337,70.2,-145.68333333333334,FAL,79
364,10,338,70.1,-145.11805555555557,FAL,79
365,10,339,70.63333333333334,-145.18472222222223,FAL,79
366,10,340,70.63333333333334,-144.75,FAL,79
367,10,341,70.1,-144.71666666666667,FAL,79
368,10,342,70.1,-144.10055555555556,FAL,79
369,10,343,70.63333333333334,-144.1188888888889,FAL,79
370,10,344,70.63333333333334,-143.70138888888889,FAL,79
371,10,345,70.2,-143.75,FAL,79
372,10,346,70.20111111111112,-146.0,FAL,79
373,10,347,70.65,-146.0,FAL,79
374,10,348,70.65,-146.31805555555556,FAL,79
375,10,349,70.20111111111112,-146.26666666666668,FAL,79
376,10,350,70.20111111111112,-146.85,FAL,79
377,10,351,70.65,-146.63472222222222,FAL,79
378,10,352,71.0,-152.0,FAL,79
379,10,353,71.18444444444445,-151.66777777777776,FAL,79
380,10,354,71.33333333333333,-151.83333333333334,FAL,79
381,10,355,71.33333333333333,-151.33333333333334,FAL,79
382,10,356,71.15027777777779,-151.2011111111111,FAL,79
383,10,357,71.135,-151.16833333333332,FAL,79
384,10,358,71.0,-151.16666666666666,FAL,79
385,10,359,71.0,-150.76666666666668,FAL,79
386,10,360,71.33333333333333,-150.66666666666666,FAL,79
387,10,361,71.33333333333333,-150.21666666666667,FAL,79
388,10,362,71.0,-150.2,FAL,79
389,10,363,70.81666666666666,-149.73333333333332,FAL,79
390,10,364,71.33333333333333,-149.7,FAL,79
391,10,365,71.31805555555555,-149.5688888888889,FAL,79
392,10,366,71.33333333333333,-149.2,FAL,79
393,10,367,70.66666666666667,-149.2,FAL,79
394,10,368,70.66666666666667,-148.15,FAL,79
395,10,369,70.66666666666667,-147.8013888888889,FAL,79
396,10,370,71.16666666666667,-147.7,FAL,79
397,10,371,71.16666666666667,-147.21666666666667,FAL,79
398,10,372,70.66666666666667,-147.28333333333333,FAL,79
399,10,373,70.66666666666667,-146.71666666666667,FAL,79
400,10,374,71.16666666666667,-146.7,FAL,79
401,10,375,71.16666666666667,-146.0,FAL,79
402,10,376,70.66666666666667,-146.0,FAL,79
403,10,377,70.61722222222221,-146.10055555555556,FAL,79
404,10,378,70.2,-148.46666666666667,FAL,79
405,10,379,70.56666666666666,-149.66666666666666,FAL,79
406,10,380,70.65,-148.78555555555556,FAL,79
407,10,381,70.45194444444445,-148.6188888888889,FAL,79
408,10,382,70.40083333333334,-148.1336111111111,FAL,79
409,10,383,70.65,-148.28444444444443,FAL,79
410,10,384,70.65,-147.65,FAL,79
411,10,385,70.40138888888889,-147.73444444444442,FAL,79
412,10,386,70.65,-147.26666666666668,FAL,79
413,10,387,70.65,-146.83333333333334,FAL,79
414,10,388,70.56916666666666,-146.98499999999999,FAL,79
415,10,389,70.20111111111112,-146.58472222222224,FAL,79
416,10,390,70.20111111111112,-146.18416666666667,FAL,79
417,10,391,70.60083333333333,-146.31777777777776,FAL,79
418,10,392,70.65,-146.35027777777776,FAL,79
419,10,393,70.65,-146.0,FAL,79
420,10,394,70.20111111111112,-146.0,FAL,79
421,10,395,70.83333333333333,-150.0,FAL,79
422,10,396,71.18333333333334,-153.0,FAL,79
423,10,397,71.55,-156.0,FAL,79
424,10,398,70.65,-148.63333333333333,FAL,79
425,10,399,70.45194444444445,-148.78472222222223,FAL,79
426,10,400,70.40083333333334,-148.15,FAL,79
427,10,401,70.20111111111112,-146.0,FAL,79
428,10,402,70.65,-146.0,FAL,79
429,10,403,70.65,-146.18472222222223,FAL,79
430,10,404,70.20111111111112,-146.21666666666667,FAL,79
431,10,405,70.20111111111112,-146.68333333333334,FAL,79
432,10,406,70.65,-146.58333333333334,FAL,79
433,10,407,70.65,-147.18333333333334,FAL,79
434,10,408,70.20111111111112,-147.11666666666667,FAL,79
435,10,409,70.33333333333333,-147.88333333333333,FAL,79
436,10,410,70.65,-147.86666666666667,FAL,79
437,10,411,70.65,-148.23333333333332,FAL,79
438,10,412,70.56666666666666,-149.66666666666666,FAL,79
439,10,413,70.65,-148.81805555555556,FAL,79
440,10,414,70.45194444444445,-148.61805555555557,FAL,79
441,10,415,70.40083333333334,-148.4,FAL,79
442,10,416,70.65,-148.21666666666667,FAL,79
443,10,417,70.65,-147.68333333333334,FAL,79
444,10,418,70.33333333333333,-147.78333333333333,FAL,79
445,10,419,70.20111111111112,-147.28472222222223,FAL,79
446,10,420,70.65,-147.13472222222222,FAL,79
447,10,421,70.65,-146.8013888888889,FAL,79
448,10,422,70.20111111111112,-146.73472222222222,FAL,79
449,10,423,70.20111111111112,-146.3,FAL,79
450,10,424,70.65,-146.25,FAL,79
451,10,425,70.65,-146.0,FAL,79
452,10,426,70.20111111111112,-146.0,FAL,79
453,10,427,70.2,-148.46666666666667,FAL,79
454,10,428,70.20111111111112,-146.0,FAL,79
455,10,429,70.65,-146.0,FAL,79
456,10,430,70.65,-146.30194444444444,FAL,79
457,10,431,70.63416666666667,-146.38527777777776,FAL,79
458,10,432,70.61916666666666,-146.45166666666665,FAL,79
459,10,433,70.63583333333334,-146.5338888888889,FAL,79
460,10,434,70.20111111111112,-146.3013888888889,FAL,79
461,10,435,70.20111111111112,-146.7513888888889,FAL,79
462,10,436,70.65,-146.66666666666666,FAL,79
463,10,437,70.65,-147.28333333333333,FAL,79
464,10,438,70.20111111111112,-147.33472222222224,FAL,79
465,10,439,70.33333333333333,-147.8513888888889,FAL,79
466,10,440,70.65,-147.63333333333333,FAL,79
467,10,441,70.65,-148.2686111111111,FAL,79
468,10,442,70.40083333333334,-148.26805555555558,FAL,79
469,10,443,70.7,-146.21777777777777,FAL,79
470,10,444,71.33333333333333,-146.1025,FAL,79
471,10,445,71.33333333333333,-146.88416666666666,FAL,79
472,10,446,71.25111111111111,-146.81722222222223,FAL,79
473,10,447,70.7,-146.65,FAL,79
474,10,448,70.7,-147.1025,FAL,79
475,10,449,71.33333333333333,-147.38333333333333,FAL,79
476,10,450,71.33333333333333,-147.8688888888889,FAL,79
477,10,451,70.7,-147.86666666666667,FAL,79
478,10,452,70.2,-148.46666666666667,FAL,79
479,10,453,70.2,-148.46666666666667,FAL,79
480,10,454,70.75,-150.71666666666667,FAL,79
481,10,455,71.66666666666667,-150.88472222222222,FAL,79
482,10,456,71.33333333333333,-150.26666666666668,FAL,79
483,10,457,71.2,-150.21722222222223,FAL,79
484,10,458,70.7,-150.1336111111111,FAL,79
485,10,459,70.7,-149.8688888888889,FAL,79
486,10,460,71.33333333333333,-149.6,FAL,79
487,10,461,71.33333333333333,-149.3011111111111,FAL,79
488,10,462,70.7,-149.21666666666667,FAL,79
489,10,463,70.7,-148.76833333333335,FAL,79
490,10,464,71.33333333333333,-148.61666666666667,FAL,79
491,10,465,71.33333333333333,-148.26805555555558,FAL,79
492,10,466,70.7,-148.33333333333334,FAL,79
493,10,467,70.2,-148.46666666666667,FAL,79
494,10,468,70.1,-144.66666666666666,FAL,79
495,10,469,70.63333333333334,-144.73333333333332,FAL,79
496,10,470,70.63333333333334,-145.3,FAL,79
497,10,471,70.1,-145.26666666666668,FAL,79
498,10,472,70.18333333333334,-145.80083333333334,FAL,79
499,10,473,70.63333333333334,-145.86666666666667,FAL,79
500,10,474,70.2,-148.46666666666667,FAL,79
501,10,475,70.56666666666666,-149.66666666666666,FAL,79
502,10,476,70.65,-148.61805555555557,FAL,79
503,10,477,70.45194444444445,-148.81805555555556,FAL,79
504,10,478,70.40083333333334,-148.10222222222222,FAL,79
505,10,479,70.65,-148.26722222222224,FAL,79
506,10,480,70.65,-147.88333333333333,FAL,79
507,10,481,70.33333333333333,-147.75,FAL,79
508,10,482,70.20111111111112,-147.13472222222222,FAL,79
509,10,483,70.65,-147.21833333333333,FAL,79
510,10,484,70.65,-146.8013888888889,FAL,79
511,10,485,70.20111111111112,-146.8513888888889,FAL,79
512,10,486,70.20111111111112,-146.35027777777776,FAL,79
513,10,487,70.65,-146.36777777777777,FAL,79
514,10,488,70.65,-146.0,FAL,79
515,10,489,70.81888888888888,-148.85,FAL,79
516,10,490,70.33333333333333,-147.71666666666667,FAL,79
517,10,491,70.33333333333333,-147.43555555555557,FAL,79
518,10,492,70.65,-147.66666666666666,FAL,79
519,10,493,70.65,-147.0,FAL,79
520,10,494,70.20111111111112,-146.7,FAL,79
521,10,495,70.20111111111112,-146.33333333333334,FAL,79
522,10,496,70.65,-146.31666666666666,FAL,79
523,10,497,70.65,-146.01916666666668,FAL,79
524,10,498,70.30111111111111,-146.01916666666668,FAL,79
525,10,499,70.20111111111112,-146.01916666666668,FAL,79
526,10,500,71.0,-151.0,FAL,79
527,10,501,71.2175,-151.85083333333333,FAL,79
528,10,502,71.66666666666667,-156.00166666666667,FAL,79
529,10,503,71.08333333333333,-153.2675,FAL,79
530,10,504,71.58333333333333,-153.11666666666667,FAL,79
531,10,505,71.58333333333333,-153.71666666666667,FAL,79
532,10,506,71.08333333333333,-153.76666666666668,FAL,79
533,10,507,71.2,-154.38472222222222,FAL,79
534,10,508,71.85,-154.0513888888889,FAL,79
535,10,509,71.85,-154.78472222222223,FAL,79
536,10,510,71.36666666666666,-154.65,FAL,79
537,10,511,71.5,-155.2011111111111,FAL,79
538,10,512,72.0,-155.21666666666667,FAL,79
539,10,513,72.0,-155.78333333333333,FAL,79
540,10,514,71.5,-155.70138888888889,FAL,79
541,10,515,71.61666666666666,-156.35,FAL,79
542,10,516,72.08333333333333,-156.21666666666667,FAL,79
543,10,517,72.08333333333333,-156.76666666666668,FAL,79
544,10,518,71.61666666666666,-156.76805555555558,FAL,79
545,10,519,71.38333333333334,-156.5,FAL,79
546,10,520,71.38333333333334,-156.5,FAL,79
547,11,0,70.16777777777779,-146.85027777777776,FAL,79
548,11,1,70.4,-148.91666666666666,FAL,79
549,11,2,70.56916666666666,-149.75166666666667,FAL,79
550,11,3,70.2,-148.5,FAL,79
551,11,4,70.2,-143.28583333333333,FAL,79
552,11,5,70.2,-143.33333333333334,FAL,79
553,11,6,70.2,-148.5,FAL,79
554,11,7,70.16777777777779,-146.85027777777776,FAL,79
555,11,8,70.45,-148.53333333333333,FAL,79
556,11,9,70.16777777777779,-146.85027777777776,FAL,79
557,11,10,71.38333333333334,-156.5,FAL,79
558,11,11,70.2,-148.5,FAL,79
559,11,12,70.36666666666666,-147.38444444444443,FAL,79
560,11,13,70.2,-148.5,FAL,79
561,11,14,70.2,-148.5,FAL,79
562,11,15,70.2,-143.18333333333334,FAL,79
563,11,16,70.7,-149.65,FAL,79
564,11,17,70.7,-146.18333333333334,FAL,79
565,11,18,70.2,-148.5,FAL,79
566,11,19,70.21666666666667,-146.4,FAL,79
567,11,20,70.2,-148.5,FAL,79
568,11,21,70.2,-148.5,FAL,79
569,11,22,70.16777777777779,-146.85027777777776,FAL,79
570,11,23,70.2,-148.5,FAL,79
571,11,24,70.2,-148.5,FAL,79
572,11,25,70.2,-148.5,FAL,79
573,11,26,70.2,-148.5,FAL,79
574,11,27,70.2,-148.5,FAL,79
575,11,28,70.2,-146.4836111111111,FAL,79
576,11,29,70.16777777777779,-146.85027777777776,FAL,79
577,11,30,69.73416666666667,-141.03444444444443,FAL,79
578,11,31,70.2,-148.5,FAL,79
579,11,32,70.2,-146.08333333333334,FAL,79
580,11,33,70.18333333333334,-145.73333333333332,FAL,79
581,11,34,70.2,-148.63333333333333,FAL,79
582,11,35,70.18583333333333,-148.46666666666667,FAL,79
583,11,36,71.33333333333333,-156.58333333333334,FAL,79
584,11,37,70.2,-148.5,FAL,79
585,11,38,70.20111111111112,-146.0,FAL,79
586,11,39,70.2,-148.5,FAL,79
587,11,40,70.2,-148.5,FAL,79
588,11,41,70.18361111111112,-148.45055555555555,FAL,79
589,11,42,70.2,-148.5,FAL,79
590,11,43,70.2,-148.5,FAL,79
591,11,44,70.2,-148.5,FAL,79
592,11,45,70.2,-148.5,FAL,79
593,11,46,70.2,-148.5,FAL,79
594,11,47,70.2,-148.5,FAL,79
595,11,48,71.2,-148.5,FAL,79
596,11,49,70.18583333333333,-148.46666666666667,FAL,79
597,11,50,70.66666666666667,-148.66666666666666,FAL,79
598,11,51,70.18583333333333,-148.46666666666667,FAL,79
599,11,52,70.38555555555556,-146.0011111111111,FAL,79
600,11,53,70.38472222222222,-146.0,FAL,79
601,11,54,70.38333333333334,-146.98555555555555,FAL,79
602,11,55,70.2,-148.46666666666667,FAL,79
603,11,56,70.2,-148.5,FAL,79
604,11,57,71.2,-156.5,FAL,79
605,11,58,71.38333333333334,-156.5,FAL,79
606,11,59,70.2,-148.5,FAL,79
607,11,60,70.2,-148.5,FAL,79
608,11,61,70.2,-148.46666666666667,FAL,79
609,11,62,70.2,-148.46666666666667,FAL,79
610,11,63,70.2,-148.5,FAL,79
611,11,64,70.2,-148.5,FAL,79
612,11,65,71.33333333333333,-156.63333333333333,FAL,79
613,11,66,71.38333333333334,-156.5,FAL,79
614,11,67,71.38333333333334,-156.5,FAL,79
615,12,0,70.61694444444444,-144.05083333333334,FAL,79
616,12,1,70.43388888888889,-143.75055555555556,FAL,79
617,12,2,70.31694444444445,-143.8336111111111,FAL,79
618,12,3,70.45,-148.25,FAL,79
619,12,4,69.95083333333334,-141.68583333333333,FAL,79
620,12,5,69.75,-141.1838888888889,FAL,79
621,12,6,69.7,-140.9686111111111,FAL,79
622,12,7,69.73416666666667,-141.06722222222223,FAL,79
623,12,8,69.78444444444445,-141.23583333333332,FAL,79
624,12,9,69.76888888888888,-141.13472222222222,FAL,79
625,12,10,69.76888888888888,-141.13472222222222,FAL,79
626,12,11,69.71666666666667,-141.0336111111111,FAL,79
627,12,12,69.71666666666667,-141.0336111111111,FAL,79
628,12,13,69.68583333333333,-140.9525,FAL,79
629,12,14,69.76833333333333,-141.0013888888889,FAL,79
630,12,15,69.95083333333334,-142.08444444444444,FAL,79
631,12,16,70.50166666666667,-147.285,FAL,79
632,12,17,70.4025,-145.81666666666666,FAL,79
633,12,18,70.36861111111111,-145.75083333333333,FAL,79
634,12,19,70.56666666666666,-146.4188888888889,FAL,79
635,12,20,71.16916666666667,-151.65055555555557,FAL,79
636,12,21,71.13444444444445,-151.20138888888889,FAL,79
637,12,22,70.60222222222221,-149.95222222222222,FAL,79
638,12,23,70.535,-146.35083333333333,FAL,79
639,13,0,70.21916666666667,-145.33583333333334,FAL,79
640,13,1,70.35194444444444,-145.35,FAL,79
641,13,2,70.41861111111112,-145.31694444444443,FAL,79
642,13,3,70.60138888888888,-144.58333333333334,FAL,79
643,13,4,70.21666666666667,-144.7,FAL,79
644,13,5,70.285,-144.15194444444444,FAL,79
645,13,6,70.41916666666667,-144.1511111111111,FAL,79
646,13,7,70.56805555555555,-144.08527777777778,FAL,79
647,13,8,70.65111111111112,-144.08416666666668,FAL,79
648,13,9,70.61722222222221,-144.1338888888889,FAL,79
649,13,10,70.61777777777777,-143.76722222222224,FAL,79
650,13,11,70.23527777777778,-143.86666666666667,FAL,79
651,13,12,70.15222222222222,-143.8513888888889,FAL,79
652,13,13,70.28583333333333,-145.88444444444443,FAL,79
653,13,14,70.38527777777779,-148.25,FAL,79
654,13,15,71.20194444444445,-146.71833333333333,FAL,79
655,13,16,70.85083333333333,-146.66694444444443,FAL,79
656,13,17,71.10083333333333,-147.76722222222224,FAL,79
657,13,18,70.70055555555555,-147.85083333333333,FAL,79
658,13,19,70.66861111111112,-147.80166666666668,FAL,79
659,13,20,71.18444444444445,-148.45194444444442,FAL,79
660,13,21,71.18333333333334,-148.5338888888889,FAL,79
661,13,22,71.18444444444445,-148.6186111111111,FAL,79
662,13,23,70.9175,-148.85083333333333,FAL,79
663,13,24,70.7025,-148.88416666666666,FAL,79
664,13,25,70.70055555555555,-149.21777777777777,FAL,79
665,13,26,70.5175,-145.9175,FAL,79
666,13,27,69.81888888888888,-141.3011111111111,FAL,79
667,13,28,69.75,-141.1838888888889,FAL,79
668,13,29,69.75,-141.1838888888889,FAL,79
669,13,30,69.75,-141.1838888888889,FAL,79
670,13,31,69.78472222222221,-141.1188888888889,FAL,79
671,13,32,69.75138888888888,-141.06916666666666,FAL,79
672,13,33,70.00138888888888,-142.23388888888888,FAL,79
673,13,34,70.43333333333334,-147.5,FAL,79
674,13,35,70.55138888888888,-147.3,FAL,79
675,13,36,70.58472222222221,-147.6,FAL,79
676,13,37,70.50194444444445,-147.33555555555557,FAL,79
677,13,38,70.51777777777778,-147.3025,FAL,79
678,13,39,70.50166666666667,-146.30166666666668,FAL,79
679,13,40,70.70222222222222,-146.9675,FAL,79
680,13,41,70.70055555555555,-147.0025,FAL,79
681,13,42,70.71666666666667,-147.01694444444445,FAL,79
682,13,43,70.40083333333334,-146.0175,FAL,79
683,13,44,70.40083333333334,-146.0175,FAL,79
684,13,45,70.4025,-145.81666666666666,FAL,79
685,13,46,70.38333333333334,-145.81666666666666,FAL,79
686,13,47,70.56888888888888,-149.41666666666666,FAL,79
687,13,48,71.1675,-151.63555555555556,FAL,79
688,13,49,71.16694444444445,-151.6011111111111,FAL,79
689,13,50,71.13472222222222,-151.25222222222223,FAL,79
690,13,51,71.13555555555556,-151.20222222222222,FAL,79
691,13,52,71.15138888888889,-151.3,FAL,79
692,13,53,71.11888888888888,-151.15,FAL,79
693,13,54,71.13583333333334,-151.21833333333333,FAL,79
694,13,55,71.135,-151.25166666666667,FAL,79
695,13,56,71.15,-151.25194444444443,FAL,79
696,13,57,71.35027777777778,-150.4675,FAL,79
697,13,58,71.28333333333333,-153.83472222222224,FAL,79
698,13,59,71.30027777777778,-154.05194444444444,FAL,79
699,13,60,71.50138888888888,-155.6525,FAL,79
700,14,0,70.63444444444445,-149.16722222222222,FAL,79
701,14,1,70.15,-144.685,FAL,79
702,14,2,70.13416666666667,-144.7,FAL,79
703,14,3,70.48555555555555,-145.9025,FAL,79
704,14,4,70.35055555555554,-147.3175,FAL,79
705,14,5,70.91722222222222,-146.65,FAL,79
706,14,6,71.10083333333333,-147.76722222222224,FAL,79
707,14,7,69.91861111111112,-141.7836111111111,FAL,79
708,14,8,69.93388888888889,-141.78416666666666,FAL,79
709,14,9,69.91833333333334,-141.86666666666667,FAL,79
710,14,10,69.93361111111112,-141.8513888888889,FAL,79
711,14,11,70.38361111111112,-146.53472222222223,FAL,79
712,14,12,70.41722222222222,-146.7525,FAL,79
713,14,13,70.61749999999999,-147.23499999999999,FAL,79
714,14,14,70.61777777777777,-147.23444444444442,FAL,79
715,14,15,70.66916666666667,-147.11722222222224,FAL,79
716,14,16,70.53555555555555,-147.6,FAL,79
717,14,17,71.16666666666667,-153.33333333333334,FAL,79
718,14,18,70.65,-147.71722222222223,FAL,79
719,14,19,70.53416666666666,-147.31805555555556,FAL,79
720,14,20,70.55,-146.6525,FAL,79
721,14,21,70.46722222222222,-146.73388888888888,FAL,79
722,14,22,70.5525,-147.68416666666667,FAL,79
723,14,23,70.56833333333333,-147.80027777777778,FAL,79
724,14,24,70.60111111111111,-147.75222222222223,FAL,79
725,14,25,70.48444444444445,-147.2513888888889,FAL,79
726,14,26,70.51861111111111,-147.3338888888889,FAL,79
727,14,27,70.5025,-146.23555555555555,FAL,79
728,14,28,70.70055555555555,-146.93333333333334,FAL,79
729,14,29,70.66916666666667,-146.91722222222222,FAL,79
730,14,30,70.71777777777778,-146.96777777777777,FAL,79
731,14,31,70.70222222222222,-146.98333333333332,FAL,79
732,14,32,70.71694444444445,-146.96694444444444,FAL,79
733,14,33,70.71666666666667,-146.96722222222223,FAL,79
734,14,34,70.68416666666667,-147.43416666666667,FAL,79
735,14,35,70.38361111111112,-146.06833333333333,FAL,79
736,14,36,70.41694444444445,-146.1025,FAL,79
737,14,37,70.36777777777777,-145.81666666666666,FAL,79
738,14,38,71.16861111111112,-151.63472222222222,FAL,79
739,14,39,71.18388888888889,-151.66777777777776,FAL,79
740,14,40,71.18333333333334,-151.6838888888889,FAL,79
741,14,41,71.16888888888889,-151.55166666666668,FAL,79
742,14,42,71.15,-151.2,FAL,79
743,14,43,70.55194444444444,-149.25027777777777,FAL,79
744,14,44,70.56805555555555,-149.2686111111111,FAL,79
745,14,45,70.56805555555555,-149.2686111111111,FAL,79
746,14,46,70.56888888888888,-149.28555555555556,FAL,79
747,14,47,70.68583333333333,-149.55027777777778,FAL,79
748,14,48,70.71777777777778,-149.5686111111111,FAL,79
749,14,49,70.81666666666666,-149.73333333333332,FAL,79
750,14,50,70.91722222222222,-149.70166666666665,FAL,79
751,14,51,70.935,-149.71777777777777,FAL,79
752,14,52,70.88416666666667,-149.18527777777777,FAL,79
753,14,53,70.75194444444445,-148.13555555555556,FAL,79
754,14,54,70.75055555555555,-148.13583333333332,FAL,79
755,14,55,70.65083333333334,-148.0675,FAL,79
756,14,56,70.63444444444445,-147.20055555555555,FAL,79
757,14,57,70.65055555555556,-147.05055555555558,FAL,79
758,14,58,70.55111111111111,-146.5025,FAL,79
759,14,59,70.55111111111111,-146.5025,FAL,79
760,14,60,70.55083333333333,-146.53444444444443,FAL,79
761,14,61,70.53555555555555,-146.5688888888889,FAL,79
762,14,62,70.535,-146.585,FAL,79
763,14,63,70.51666666666667,-146.7011111111111,FAL,79
764,14,64,70.50055555555555,-146.75194444444443,FAL,79
765,14,65,70.50027777777778,-146.76777777777778,FAL,79
766,14,66,70.48472222222222,-146.83416666666668,FAL,79
767,14,67,70.61888888888888,-149.03472222222223,FAL,79
768,14,68,70.635,-148.91694444444443,FAL,79
769,14,69,70.55194444444444,-148.68583333333333,FAL,79
770,14,70,70.53361111111111,-148.66777777777776,FAL,79
771,14,71,70.43444444444445,-148.60166666666666,FAL,79
772,14,72,70.43444444444445,-148.3688888888889,FAL,79
773,14,73,70.40222222222222,-148.2,FAL,79
774,14,74,70.5,-148.18527777777777,FAL,79
775,14,75,70.53583333333333,-148.23333333333332,FAL,79
776,14,76,70.6,-148.26666666666668,FAL,79
777,14,77,70.65,-148.3,FAL,79
778,14,78,70.70083333333334,-148.28555555555556,FAL,79
779,14,79,70.65,-147.65,FAL,79
780,14,80,70.51777777777778,-147.70083333333332,FAL,79
781,14,81,70.48527777777778,-147.70166666666665,FAL,79
782,14,82,70.46861111111112,-147.7175,FAL,79
783,14,83,70.36833333333333,-147.33333333333334,FAL,79
784,14,84,70.40194444444445,-147.31916666666666,FAL,79
785,14,85,70.41694444444445,-147.31833333333333,FAL,79
786,14,86,70.28583333333333,-146.63333333333333,FAL,79
787,14,87,70.26861111111111,-146.61805555555557,FAL,79
788,14,88,70.26694444444445,-146.61777777777777,FAL,79
789,14,89,70.2175,-146.6186111111111,FAL,79
790,14,90,70.33444444444444,-146.25166666666667,FAL,79
791,14,91,70.36749999999999,-146.2688888888889,FAL,79
792,14,92,70.36861111111111,-146.2836111111111,FAL,79
793,14,93,70.41888888888889,-146.31916666666666,FAL,79
794,14,94,70.43583333333333,-146.31722222222223,FAL,79
795,14,95,70.46888888888888,-146.30055555555558,FAL,79
796,14,96,70.48555555555555,-146.3025,FAL,79
797,14,97,70.53527777777778,-146.30055555555558,FAL,79
798,14,98,70.58583333333333,-146.00027777777777,FAL,79
799,14,99,70.55027777777778,-146.01694444444445,FAL,79
800,14,100,70.53416666666666,-146.00194444444443,FAL,79
801,14,101,70.51861111111111,-146.0188888888889,FAL,79
802,14,102,70.51722222222222,-146.0188888888889,FAL,79
803,14,103,70.50166666666667,-146.03416666666666,FAL,79
804,14,104,70.48527777777778,-146.01805555555558,FAL,79
805,14,105,70.45055555555555,-146.0013888888889,FAL,79
806,14,106,70.435,-146.0,FAL,79
807,14,107,70.41694444444445,-145.98583333333332,FAL,79
808,14,108,70.40222222222222,-146.0013888888889,FAL,79
809,14,109,70.31694444444445,-145.96916666666667,FAL,79
810,14,110,70.31694444444445,-145.96916666666667,FAL,79
811,14,111,70.65,-146.51694444444445,FAL,79
812,15,0,70.21888888888888,-146.2836111111111,FAL,79
814,15,2,69.93444444444445,-141.81916666666666,FAL,79
815,15,3,69.95,-141.73333333333332,FAL,79
816,15,4,69.91722222222222,-141.78333333333333,FAL,79
817,15,5,70.65,-148.18472222222223,FAL,79
818,15,6,70.26861111111111,-146.78333333333333,FAL,79
819,15,7,70.65138888888889,-147.16805555555555,FAL,79
820,15,8,70.40111111111112,-146.7513888888889,FAL,79
821,15,9,70.40083333333334,-146.80166666666668,FAL,79
822,15,10,70.36666666666666,-146.0338888888889,FAL,79
823,15,11,70.55027777777778,-147.00222222222223,FAL,79
824,15,12,70.45055555555555,-147.3175,FAL,79
825,15,13,70.56833333333333,-147.80027777777778,FAL,79
826,15,14,70.60111111111111,-147.75222222222223,FAL,79
827,15,15,70.60111111111111,-147.75222222222223,FAL,79
828,15,16,70.60055555555554,-147.6675,FAL,79
829,15,17,70.56666666666666,-147.63333333333333,FAL,79
830,15,18,70.55,-147.55,FAL,79
831,15,19,70.56666666666666,-147.28416666666666,FAL,79
832,15,20,70.53527777777778,-147.30194444444444,FAL,79
833,15,21,70.51805555555555,-147.31694444444443,FAL,79
834,15,22,70.5175,-147.31722222222223,FAL,79
835,15,23,70.51722222222222,-147.185,FAL,79
836,15,24,70.55166666666666,-146.66666666666666,FAL,79
837,15,25,70.38333333333334,-146.18555555555557,FAL,79
838,15,26,70.38527777777779,-146.20138888888889,FAL,79
839,15,27,70.40138888888889,-146.20166666666665,FAL,79
840,15,28,70.51861111111111,-147.3338888888889,FAL,79
841,15,29,70.51861111111111,-147.3338888888889,FAL,79
842,15,30,70.53333333333333,-147.28583333333333,FAL,79
843,15,31,70.5025,-147.33555555555557,FAL,79
844,15,32,70.40083333333334,-146.0175,FAL,79
845,15,33,70.36916666666666,-145.81916666666666,FAL,79
846,15,34,70.55166666666666,-146.3838888888889,FAL,79
847,15,35,71.16916666666667,-151.65,FAL,79
848,15,36,71.16833333333334,-151.58416666666668,FAL,79
849,16,0,70.61722222222221,-144.70222222222222,FAL,79
850,16,1,70.40027777777779,-146.80166666666668,FAL,79
851,16,2,70.56777777777778,-147.6525,FAL,79
852,16,3,70.56777777777778,-147.6525,FAL,79
853,16,4,70.55055555555555,-147.66666666666666,FAL,79
854,16,5,70.56833333333333,-147.73388888888888,FAL,79
855,16,6,70.4675,-144.7513888888889,FAL,79
856,16,7,71.16666666666667,-151.58416666666668,FAL,79
857,17,0,70.56805555555555,-145.2186111111111,FAL,79
858,17,1,70.61916666666666,-146.06694444444443,FAL,79
859,18,0,70.63472222222222,-143.6338888888889,FAL,79
1,10,0,70.78555555555555,-150.1838888888889,SPR,79
2,10,1,70.56666666666666,-149.0,SPR,79
3,10,2,70.46666666666667,-148.95,SPR,79
4,10,3,70.38333333333334,-147.81666666666666,SPR,79
5,10,4,70.28472222222221,-147.56666666666666,SPR,79
6,10,5,70.23333333333333,-146.93333333333334,SPR,79
7,10,6,70.2,-146.33333333333334,SPR,79
8,10,7,70.33333333333333,-146.78472222222223,SPR,79
9,10,8,70.36749999999999,-147.31666666666666,SPR,79
10,10,9,70.41722222222222,-147.31666666666666,SPR,79
11,10,10,70.41722222222222,-147.31666666666666,SPR,79
12,10,11,70.51722222222222,-148.86666666666667,SPR,79
13,10,12,70.60166666666666,-149.65,SPR,79
14,10,13,70.5675,-149.73333333333332,SPR,79
15,10,14,70.55,-149.7,SPR,79
16,10,15,72.51777777777778,-151.36694444444444,SPR,79
17,10,16,72.40194444444445,-150.91666666666666,SPR,79
18,10,17,72.16666666666667,-150.05166666666668,SPR,79
19,10,18,72.06666666666666,-149.55194444444444,SPR,79
20,10,19,71.46666666666667,-148.58416666666668,SPR,79
21,10,20,70.51833333333333,-148.33583333333334,SPR,79
22,10,21,70.56861111111111,-148.1011111111111,SPR,79
23,10,22,70.56805555555555,-149.73333333333332,SPR,79
24,10,23,70.61777777777777,-148.1,SPR,79
25,10,24,70.40222222222222,-147.7,SPR,79
26,10,25,70.36722222222221,-147.7,SPR,79
27,10,26,70.31888888888888,-147.43333333333334,SPR,79
28,10,27,70.23472222222222,-147.06666666666666,SPR,79
29,10,28,70.18555555555555,-147.05,SPR,79
30,10,29,70.20222222222222,-146.58333333333334,SPR,79
31,10,30,70.23472222222222,-146.4,SPR,79
32,10,31,70.23472222222222,-146.4,SPR,79
33,10,32,70.53388888888888,-147.95222222222222,SPR,79
34,10,33,70.58472222222221,-149.0,SPR,79
35,10,34,70.56805555555555,-149.73333333333332,SPR,79
36,10,35,70.58333333333333,-149.71694444444444,SPR,79
37,10,36,70.78444444444445,-150.28583333333333,SPR,79
38,10,37,71.35,-156.06666666666666,SPR,79
39,10,38,71.4,-156.01805555555558,SPR,79
40,10,39,71.43472222222222,-156.76666666666668,SPR,79
41,10,40,71.50166666666667,-156.85083333333333,SPR,79
42,10,41,71.68416666666667,-156.96833333333333,SPR,79
43,10,42,71.96777777777778,-156.7675,SPR,79
44,10,43,72.00166666666667,-156.60166666666666,SPR,79
45,10,44,71.61777777777777,-156.66777777777776,SPR,79
46,10,45,70.56666666666666,-149.66666666666666,SPR,79
47,10,46,70.56666666666666,-149.66666666666666,SPR,79
48,10,47,70.55138888888888,-149.91666666666666,SPR,79
49,10,48,70.5,-148.61666666666667,SPR,79
50,10,49,70.45111111111112,-148.43555555555557,SPR,79
51,10,50,70.41777777777779,-148.25,SPR,79
52,10,51,70.41833333333334,-148.13333333333333,SPR,79
53,10,52,70.2,-146.78333333333333,SPR,79
54,10,53,70.20138888888889,-146.13333333333333,SPR,79
55,10,54,70.28333333333333,-146.5338888888889,SPR,79
56,10,55,70.28333333333333,-146.93333333333334,SPR,79
57,10,56,70.31805555555555,-147.05,SPR,79
58,10,57,71.28333333333333,-156.285,SPR,79
59,10,58,71.20083333333334,-157.38527777777776,SPR,79
60,10,59,71.13555555555556,-157.23555555555555,SPR,79
61,10,60,71.15194444444445,-157.56916666666666,SPR,79
62,10,61,71.10055555555554,-157.33472222222224,SPR,79
63,10,62,71.01916666666666,-157.41833333333332,SPR,79
64,10,63,70.985,-157.63444444444443,SPR,79
65,10,64,70.91777777777779,-158.0338888888889,SPR,79
66,10,65,71.05,-158.33444444444444,SPR,79
67,10,66,70.95222222222222,-158.68472222222223,SPR,79
68,10,67,70.93444444444445,-159.13444444444443,SPR,79
69,10,68,70.9175,-159.25027777777777,SPR,79
70,10,69,70.83361111111111,-158.58333333333334,SPR,79
71,10,70,70.95055555555555,-158.08583333333334,SPR,79
72,10,71,71.05055555555555,-157.35027777777776,SPR,79
73,10,72,71.01777777777778,-157.78583333333333,SPR,79
74,10,73,70.45138888888889,-147.43333333333334,SPR,79
75,10,74,70.41666666666667,-147.53333333333333,SPR,79
76,10,75,70.41666666666667,-147.53333333333333,SPR,79
77,10,76,70.45138888888889,-147.83333333333334,SPR,79
78,10,77,70.61777777777777,-148.08333333333334,SPR,79
79,10,78,70.56666666666666,-149.7,SPR,79
80,10,79,70.70194444444445,-149.20055555555555,SPR,79
81,10,80,70.78555555555555,-149.11694444444444,SPR,79
82,10,81,70.71861111111112,-148.5838888888889,SPR,79
83,10,82,70.66777777777779,-147.98472222222222,SPR,79
84,10,83,70.53388888888888,-146.63416666666666,SPR,79
85,10,84,71.05194444444444,-157.41833333333332,SPR,79
86,10,85,70.96916666666667,-157.6175,SPR,79
87,10,86,71.00166666666667,-158.3675,SPR,79
88,10,87,70.985,-158.3836111111111,SPR,79
89,10,88,71.00138888888888,-158.36805555555557,SPR,79
90,10,89,70.98444444444445,-157.8025,SPR,79
91,10,90,71.23583333333333,-158.31666666666666,SPR,79
92,10,91,71.10249999999999,-157.585,SPR,79
93,10,92,71.08361111111111,-158.21916666666667,SPR,79
94,10,93,71.05027777777778,-158.78333333333333,SPR,79
95,10,94,70.50194444444445,-146.55,SPR,79
96,11,0,70.56666666666666,-149.68333333333334,SPR,79
97,11,1,70.45,-148.63333333333333,SPR,79
98,11,2,70.45,-148.63333333333333,SPR,79
99,11,3,70.66666666666667,-148.43333333333334,SPR,79
100,11,4,70.66666666666667,-148.43333333333334,SPR,79
101,11,5,70.66666666666667,-148.18333333333334,SPR,79
102,11,6,70.66666666666667,-148.18333333333334,SPR,79
103,11,7,70.38333333333334,-148.41666666666666,SPR,79
104,11,8,70.38333333333334,-148.41666666666666,SPR,79
105,11,9,70.38333333333334,-147.63333333333333,SPR,79
106,11,10,70.38333333333334,-147.63333333333333,SPR,79
107,11,11,70.66666666666667,-147.98333333333332,SPR,79
108,11,12,70.66666666666667,-147.98333333333332,SPR,79
109,11,13,70.66666666666667,-147.33333333333334,SPR,79
110,11,14,70.66666666666667,-147.33333333333334,SPR,79
111,11,15,70.38333333333334,-147.41666666666666,SPR,79
112,11,16,70.38333333333334,-147.41666666666666,SPR,79
113,11,17,70.38333333333334,-146.73333333333332,SPR,79
114,11,18,70.38333333333334,-146.73333333333332,SPR,79
115,11,19,70.66666666666667,-146.98333333333332,SPR,79
116,11,20,70.66666666666667,-146.98333333333332,SPR,79
117,11,21,70.66666666666667,-146.13333333333333,SPR,79
118,11,22,70.66666666666667,-146.13333333333333,SPR,79
119,11,23,70.66666666666667,-147.18333333333334,SPR,79
120,11,24,70.66666666666667,-147.18333333333334,SPR,79
121,11,25,70.38333333333334,-147.13333333333333,SPR,79
122,11,26,70.38333333333334,-147.13333333333333,SPR,79
123,11,27,70.38333333333334,-146.8,SPR,79
124,11,28,70.38333333333334,-146.8,SPR,79
125,11,29,70.66666666666667,-146.93333333333334,SPR,79
126,11,30,70.66666666666667,-148.6,SPR,79
127,11,31,70.66666666666667,-148.11666666666667,SPR,79
128,11,32,70.66666666666667,-148.11666666666667,SPR,79
129,11,33,70.46666666666667,-148.11666666666667,SPR,79
130,11,34,70.46666666666667,-148.11666666666667,SPR,79
131,11,35,70.46666666666667,-147.7,SPR,79
132,11,36,70.46666666666667,-147.7,SPR,79
133,11,37,70.66666666666667,-147.8,SPR,79
134,11,38,70.66666666666667,-147.8,SPR,79
135,11,39,70.66666666666667,-147.18333333333334,SPR,79
136,11,40,70.66666666666667,-147.18333333333334,SPR,79
137,11,41,70.38333333333334,-147.13333333333333,SPR,79
138,11,42,70.38333333333334,-147.13333333333333,SPR,79
139,11,43,70.38333333333334,-146.8,SPR,79
140,11,44,70.38333333333334,-146.8,SPR,79
141,11,45,70.66666666666667,-146.93333333333334,SPR,79
142,11,46,70.66666666666667,-146.93333333333334,SPR,79
143,11,47,70.66666666666667,-146.38333333333333,SPR,79
144,11,48,70.66666666666667,-146.38333333333333,SPR,79
145,11,49,70.38333333333334,-146.11666666666667,SPR,79
146,11,50,70.38333333333334,-146.11666666666667,SPR,79
147,11,51,70.38333333333334,-147.91666666666666,SPR,79
148,11,52,71.33333333333333,-156.66666666666666,SPR,79
149,11,53,71.33333333333333,-154.0,SPR,79
150,11,54,71.33333333333333,-154.0,SPR,79
151,11,55,71.33333333333333,-156.66666666666666,SPR,79
152,11,56,71.33333333333333,-156.66666666666666,SPR,79
153,11,57,71.35,-156.7686111111111,SPR,79
154,11,58,71.33444444444444,-156.78583333333333,SPR,79
155,11,59,71.35166666666666,-156.56666666666666,SPR,79
156,11,60,70.33333333333333,-147.25,SPR,79
157,11,61,70.5,-147.83333333333334,SPR,79
158,11,62,70.5,-147.83333333333334,SPR,79
159,11,63,70.36666666666666,-147.5,SPR,79
160,11,64,71.33416666666666,-156.66833333333332,SPR,79
161,11,65,71.40027777777779,-156.80166666666668,SPR,79
162,11,66,71.40027777777779,-156.80166666666668,SPR,79
163,11,67,71.75222222222222,-154.135,SPR,79
164,11,68,70.95055555555555,-150.93527777777777,SPR,79
165,11,69,70.86805555555554,-149.95166666666665,SPR,79
166,11,70,70.86805555555554,-149.95166666666665,SPR,79
167,11,71,70.435,-145.86666666666667,SPR,79
168,11,72,71.2175,-157.20166666666665,SPR,79
169,11,73,71.15166666666667,-157.20055555555555,SPR,79
170,11,74,71.15166666666667,-157.20055555555555,SPR,79
171,11,75,71.35055555555554,-157.46777777777777,SPR,79
172,11,76,71.35027777777778,-156.7,SPR,79
173,11,77,71.35027777777778,-156.11666666666667,SPR,79
174,11,78,71.35027777777778,-156.11666666666667,SPR,79
175,11,79,70.46666666666667,-148.75,SPR,79
176,11,80,70.66666666666667,-148.5,SPR,79
177,11,81,70.66666666666667,-148.5,SPR,79
178,11,82,70.66666666666667,-148.41666666666666,SPR,79
179,11,83,70.66666666666667,-148.41666666666666,SPR,79
180,11,84,70.41666666666667,-148.45,SPR,79
181,11,85,70.41666666666667,-148.45,SPR,79
182,11,86,70.31666666666666,-147.78333333333333,SPR,79
183,11,87,70.31666666666666,-147.78333333333333,SPR,79
184,11,88,70.66666666666667,-147.61666666666667,SPR,79
185,11,89,70.66666666666667,-147.61666666666667,SPR,79
186,11,90,70.66666666666667,-147.03333333333333,SPR,79
187,11,91,70.66666666666667,-147.03333333333333,SPR,79
188,11,92,70.21666666666667,-147.41666666666666,SPR,79
189,11,93,70.21666666666667,-147.41666666666666,SPR,79
190,11,94,70.21666666666667,-146.63333333333333,SPR,79
191,11,95,70.21666666666667,-146.63333333333333,SPR,79
192,11,96,70.66666666666667,-146.53333333333333,SPR,79
193,11,97,70.66666666666667,-146.53333333333333,SPR,79
194,11,98,70.66666666666667,-146.11666666666667,SPR,79
195,11,99,70.66666666666667,-146.11666666666667,SPR,79
196,11,100,70.21666666666667,-146.28333333333333,SPR,79
197,11,101,70.21666666666667,-146.28333333333333,SPR,79
198,11,102,70.21666666666667,-146.0,SPR,79
199,11,103,70.21666666666667,-146.0,SPR,79
200,11,104,70.66666666666667,-146.0,SPR,79
201,11,105,70.66666666666667,-146.0,SPR,79
202,11,106,70.66666666666667,-146.0,SPR,79
203,14,0,71.2,-151.83333333333334,SPR,79
204,14,1,71.21666666666667,-154.28333333333333,SPR,79
205,14,2,71.80055555555555,-157.15222222222224,SPR,79
206,14,3,72.01666666666667,-156.30166666666668,SPR,79
207,14,4,71.35055555555554,-157.46777777777777,SPR,79
208,15,0,71.2,-151.91666666666666,SPR,79
209,15,1,71.2,-151.91805555555555,SPR,79
210,15,2,71.21666666666667,-154.2838888888889,SPR,79
211,15,3,72.00194444444445,-156.335,SPR,79
212,16,0,71.40194444444445,-156.73555555555555,SPR,79
213,16,1,71.40194444444445,-156.73555555555555,SPR,79
214,16,2,71.1675,-158.95055555555555,SPR,79
215,16,3,71.1675,-158.95055555555555,SPR,79
216,16,4,71.1675,-158.95055555555555,SPR,79
217,17,0,72.01916666666666,-156.30194444444444,SPR,79
218,17,1,71.9025,-156.73527777777775,SPR,79
219,17,2,71.75222222222222,-154.135,SPR,79
220,17,3,71.01722222222222,-158.435,SPR,79
221,17,4,70.985,-158.43333333333334,SPR,79
222,17,5,71.00194444444445,-158.23527777777775,SPR,79
223,17,6,71.1675,-158.95055555555555,SPR,79
224,18,0,71.43361111111112,-156.60055555555556,SPR,79
225,18,1,70.91833333333334,-159.68333333333334,SPR,79
226,18,2,70.93444444444445,-159.13444444444443,SPR,79
227,18,3,70.95055555555555,-158.08583333333334,SPR,79
0,6,0,70.66666666666667,-145.0,SUM,79
1,6,1,70.66666666666667,-144.83333333333334,SUM,79
2,6,2,70.2,-144.83333333333334,SUM,79
3,6,3,70.2,-144.51666666666668,SUM,79
4,6,4,71.58333333333333,-148.2838888888889,SUM,79
5,7,0,70.56777777777778,-149.7,SUM,79
6,7,1,70.45,-148.6013888888889,SUM,79
7,7,2,70.66666666666667,-148.56666666666666,SUM,79
8,7,3,70.66666666666667,-148.2,SUM,79
9,7,4,70.2,-145.0,SUM,79
10,8,0,70.16777777777779,-146.85027777777776,SUM,79
11,8,1,71.5175,-149.68333333333334,SUM,79
12,8,2,70.70027777777779,-146.535,SUM,79
13,8,3,70.65055555555556,-146.0838888888889,SUM,79
14,8,4,70.51888888888888,-146.16666666666666,SUM,79
15,8,5,70.20111111111112,-146.08472222222224,SUM,79
16,8,6,70.2025,-146.40166666666667,SUM,79
17,9,0,70.45083333333334,-148.86666666666667,SUM,79
18,9,1,70.6525,-148.63333333333333,SUM,79
19,9,2,70.6525,-148.21722222222223,SUM,79
20,9,3,70.66666666666667,-148.2675,SUM,79
21,9,4,70.36777777777777,-148.2336111111111,SUM,79
22,9,5,70.31861111111111,-147.8838888888889,SUM,79
23,9,6,70.66666666666667,-147.95055555555555,SUM,79
24,9,7,70.66666666666667,-147.30222222222224,SUM,79
25,9,8,70.4,-146.25,SUM,79
26,9,9,70.18333333333334,-145.66666666666666,SUM,79
27,9,10,70.63333333333334,-145.83472222222224,SUM,79
28,9,11,70.63333333333334,-145.26666666666668,SUM,79
29,9,12,70.1,-145.26666666666668,SUM,79
30,9,13,70.1,-144.65,SUM,79
31,9,14,70.08416666666666,-145.23333333333332,SUM,79
32,9,15,70.15166666666667,-146.01666666666668,SUM,79
33,9,16,70.18583333333333,-146.91666666666666,SUM,79
34,9,17,70.23583333333333,-147.1511111111111,SUM,79
35,9,18,70.23583333333333,-147.6525,SUM,79
36,9,19,70.26666666666667,-145.8688888888889,SUM,79
37,9,20,70.11888888888888,-145.10222222222222,SUM,79
38,9,21,70.08388888888888,-145.15,SUM,79
39,9,22,70.20027777777779,-146.68472222222223,SUM,79
40,9,23,70.20083333333334,-145.4175,SUM,79
41,9,24,70.20083333333334,-144.25194444444443,SUM,79
42,9,25,70.63333333333334,-145.83472222222224,SUM,79
43,9,26,70.63333333333334,-145.26666666666668,SUM,79
44,9,27,70.1,-145.26666666666668,SUM,79
45,9,28,70.1,-144.65,SUM,79
46,9,29,70.63333333333334,-144.76666666666668,SUM,79
47,9,30,70.63333333333334,-144.23472222222222,SUM,79
48,9,31,70.1,-144.1513888888889,SUM,79
49,9,32,70.2,-143.6,SUM,79
50,9,33,70.63333333333334,-143.58333333333334,SUM,79
51,9,34,70.63333333333334,-143.11666666666667,SUM,79
52,9,35,70.18583333333333,-146.685,SUM,79
53,9,36,70.86861111111111,-146.8,SUM,79
54,9,37,70.81805555555555,-147.26833333333335,SUM,79
55,9,38,70.51666666666667,-147.26666666666668,SUM,79
56,9,39,70.18527777777778,-147.38444444444443,SUM,79
57,9,40,70.33388888888888,-147.80083333333334,SUM,79
58,9,41,70.43333333333334,-147.70222222222222,SUM,79
59,9,42,70.65055555555556,-147.6836111111111,SUM,79
60,9,43,70.70055555555555,-147.63444444444443,SUM,79
61,9,44,70.71694444444445,-147.58472222222224,SUM,79
62,9,45,70.78416666666666,-147.58333333333334,SUM,79
63,9,46,70.83416666666666,-147.58472222222224,SUM,79
64,9,47,70.81805555555555,-147.75,SUM,79
65,9,48,71.21805555555555,-147.40194444444444,SUM,79
66,9,49,71.23388888888888,-147.4188888888889,SUM,79
67,9,50,71.23388888888888,-147.35194444444443,SUM,79
68,9,51,71.18361111111112,-147.3836111111111,SUM,79
69,9,52,71.18444444444445,-147.26722222222224,SUM,79
70,9,53,71.21694444444445,-147.26777777777778,SUM,79
71,10,0,70.38388888888889,-148.43333333333334,SUM,79
72,10,1,70.30222222222221,-147.61666666666667,SUM,79
73,10,2,70.66666666666667,-147.96666666666667,SUM,79
74,10,3,70.66666666666667,-147.3,SUM,79
75,10,4,70.18472222222222,-147.45,SUM,79
76,10,5,70.18472222222222,-146.55,SUM,79
77,10,6,70.66666666666667,-146.96666666666667,SUM,79
78,10,7,70.2,-143.58333333333334,SUM,79
79,10,8,70.63333333333334,-143.90083333333334,SUM,79
80,10,9,70.63333333333334,-143.15222222222224,SUM,79
81,10,10,70.2,-143.4,SUM,79
82,10,11,70.2,-143.0,SUM,79
83,10,12,70.56666666666666,-149.68333333333334,SUM,79
84,10,13,70.65194444444445,-148.1,SUM,79
85,10,14,70.38333333333334,-148.1013888888889,SUM,79
86,10,15,70.33333333333333,-147.60055555555556,SUM,79
87,10,16,70.66666666666667,-147.78333333333333,SUM,79
88,10,17,70.66666666666667,-147.18416666666667,SUM,79
89,10,18,70.20138888888889,-147.10194444444443,SUM,79
90,10,19,70.20138888888889,-147.10194444444443,SUM,79
91,10,20,70.20138888888889,-146.78333333333333,SUM,79
92,10,21,70.66666666666667,-146.93333333333334,SUM,79
93,10,22,70.66666666666667,-146.36833333333334,SUM,79
94,10,23,70.20138888888889,-146.11805555555557,SUM,79
95,10,24,70.20138888888889,-146.0,SUM,79
96,10,25,70.46666666666667,-148.8,SUM,79
97,10,26,70.66666666666667,-148.93333333333334,SUM,79
98,10,27,70.66666666666667,-148.2,SUM,79
99,10,28,70.36666666666666,-148.05,SUM,79
100,10,29,70.33333333333333,-147.8,SUM,79
101,10,30,70.66666666666667,-147.86666666666667,SUM,79
102,10,31,70.66666666666667,-147.43333333333334,SUM,79
103,10,32,70.20138888888889,-147.03333333333333,SUM,79
104,10,33,70.20138888888889,-146.91666666666666,SUM,79
105,10,34,70.66666666666667,-146.96666666666667,SUM,79
106,10,35,70.66666666666667,-146.43333333333334,SUM,79
107,10,36,70.20138888888889,-146.05,SUM,79
108,10,37,70.20138888888889,-146.0,SUM,79
109,10,38,70.4,-146.25,SUM,79
110,10,39,70.63333333333334,-145.63333333333333,SUM,79
111,10,40,70.18333333333334,-145.71666666666667,SUM,79
112,10,41,70.1,-145.23333333333332,SUM,79
113,10,42,70.63333333333334,-145.21666666666667,SUM,79
114,10,43,70.2,-147.15194444444444,SUM,79
115,10,44,70.20083333333334,-143.8511111111111,SUM,79
116,10,45,70.65,-146.0,SUM,79
117,10,46,70.33333333333333,-146.5,SUM,79
118,10,47,70.2,-146.5,SUM,79
119,10,48,70.2,-147.0,SUM,79
120,10,49,70.33333333333333,-147.0,SUM,79
121,10,50,70.33333333333333,-147.5,SUM,79
122,10,51,70.2,-147.5,SUM,79
123,10,52,70.36666666666666,-148.23444444444442,SUM,79
124,10,53,70.63583333333334,-148.2175,SUM,79
125,10,54,70.66666666666667,-148.80222222222224,SUM,79
126,10,55,70.45027777777779,-148.95222222222222,SUM,79
127,10,56,70.90222222222222,-148.1175,SUM,79
128,10,57,70.18333333333334,-145.66666666666666,SUM,79
129,10,58,70.535,-144.46777777777777,SUM,79
130,10,59,70.18555555555555,-145.13583333333332,SUM,79
131,10,60,70.185,-144.76722222222224,SUM,79
132,10,61,70.26916666666666,-144.75194444444443,SUM,79
133,10,62,70.85138888888888,-144.7836111111111,SUM,79
134,10,63,71.00083333333333,-144.78527777777776,SUM,79
135,10,64,70.96833333333333,-144.6,SUM,79
136,10,65,71.00083333333333,-144.20027777777776,SUM,79
137,10,66,70.8025,-144.2011111111111,SUM,79
138,10,67,70.58583333333333,-144.2025,SUM,79
139,10,68,70.20027777777779,-143.61722222222224,SUM,79
140,10,69,70.20166666666667,-143.63333333333333,SUM,79
141,10,70,70.40194444444445,-143.60055555555556,SUM,79
142,10,71,70.71694444444445,-143.70166666666665,SUM,79
143,10,72,70.75027777777778,-143.70194444444442,SUM,79
144,10,73,70.71833333333333,-143.2011111111111,SUM,79
145,10,74,70.6,-143.21722222222223,SUM,79
146,10,75,70.20083333333334,-146.2513888888889,SUM,79
147,10,76,70.30055555555555,-146.23444444444442,SUM,79
148,10,77,70.36749999999999,-146.2675,SUM,79
149,10,78,70.41722222222222,-146.30166666666668,SUM,79
150,10,79,70.45083333333334,-146.31805555555556,SUM,79
151,10,80,70.50166666666667,-146.30166666666668,SUM,79
152,10,81,70.58472222222221,-146.35055555555556,SUM,79
153,10,82,70.58583333333333,-146.8186111111111,SUM,79
154,10,83,70.55222222222221,-146.80194444444444,SUM,79
155,10,84,70.55055555555555,-146.8511111111111,SUM,79
156,10,85,70.51833333333333,-146.81722222222223,SUM,79
157,10,86,70.46805555555555,-146.76722222222224,SUM,79
158,10,87,70.435,-146.76916666666668,SUM,79
159,10,88,70.38444444444445,-146.76666666666668,SUM,79
160,10,89,70.28472222222221,-146.76666666666668,SUM,79
161,10,90,70.20027777777779,-146.7336111111111,SUM,79
162,10,91,70.20055555555555,-147.1025,SUM,79
163,10,92,70.3025,-147.1013888888889,SUM,79
164,10,93,70.33472222222221,-147.10194444444443,SUM,79
165,10,94,70.36694444444444,-147.11833333333334,SUM,79
166,10,95,70.38555555555556,-147.11694444444444,SUM,79
167,10,96,70.43444444444445,-147.08555555555557,SUM,79
168,10,97,70.41861111111112,-147.41722222222222,SUM,79
169,10,98,70.26833333333333,-147.33472222222224,SUM,79
170,10,99,70.30138888888888,-147.3175,SUM,79
171,10,100,70.35083333333333,-147.3186111111111,SUM,79
172,10,101,70.36861111111111,-147.31833333333333,SUM,79
173,10,102,70.43583333333333,-147.285,SUM,79
174,10,103,70.50111111111111,-147.28527777777776,SUM,79
175,10,104,70.50194444444445,-147.41916666666665,SUM,79
176,10,105,70.45083333333334,-147.53583333333333,SUM,79
177,10,106,70.46722222222222,-147.63416666666666,SUM,79
178,10,107,70.46916666666667,-147.7186111111111,SUM,79
179,10,108,70.40083333333334,-147.70222222222222,SUM,79
180,10,109,70.33472222222221,-147.55222222222224,SUM,79
181,10,110,70.35083333333333,-147.71805555555557,SUM,79
182,10,111,70.35249999999999,-147.8011111111111,SUM,79
183,10,112,70.40055555555556,-148.2525,SUM,79
184,10,113,70.41833333333334,-148.1838888888889,SUM,79
185,10,114,70.43555555555555,-148.20138888888889,SUM,79
186,10,115,70.51805555555555,-148.2011111111111,SUM,79
187,10,116,70.16666666666667,-146.0,SUM,79
188,10,117,70.16722222222222,-145.5525,SUM,79
189,10,118,70.2525,-145.63472222222222,SUM,79
190,10,119,70.41694444444445,-145.70194444444442,SUM,79
191,10,120,70.46805555555555,-145.73444444444442,SUM,79
192,10,121,70.58472222222221,-145.71833333333333,SUM,79
193,10,122,70.46805555555555,-145.56805555555556,SUM,79
194,10,123,70.40055555555556,-145.63583333333332,SUM,79
195,10,124,70.285,-145.3525,SUM,79
196,10,125,70.135,-145.23416666666665,SUM,79
197,10,126,70.10055555555554,-145.18527777777777,SUM,79
198,10,127,70.1,-145.13416666666666,SUM,79
199,10,128,70.10111111111111,-144.81666666666666,SUM,79
200,10,129,70.10055555555554,-144.65166666666667,SUM,79
201,10,130,70.36916666666666,-144.76666666666668,SUM,79
202,10,131,70.45083333333334,-144.76833333333335,SUM,79
203,10,132,70.36888888888888,-144.6338888888889,SUM,79
204,10,133,70.16694444444445,-144.31722222222223,SUM,79
205,10,134,70.10027777777778,-144.23388888888888,SUM,79
206,10,135,70.1675,-143.7,SUM,79
207,10,136,70.20027777777779,-143.55222222222224,SUM,79
208,10,137,70.38444444444445,-143.6,SUM,79
209,10,138,70.41722222222222,-143.6013888888889,SUM,79
210,10,139,70.40166666666667,-143.36777777777777,SUM,79
211,10,140,70.38444444444445,-143.30222222222224,SUM,79
212,10,141,70.20138888888889,-143.30194444444444,SUM,79
213,10,142,70.45,-148.86666666666667,SUM,79
214,10,143,70.2,-148.5,SUM,79
215,10,144,70.45,-148.78333333333333,SUM,79
216,10,145,70.63472222222222,-148.8,SUM,79
217,10,146,70.63472222222222,-148.28333333333333,SUM,79
218,10,147,70.4,-148.33333333333334,SUM,79
219,10,148,70.33333333333333,-147.85,SUM,79
220,10,149,70.55222222222221,-147.78472222222223,SUM,79
221,10,150,70.63472222222222,-147.71666666666667,SUM,79
222,10,151,70.63472222222222,-147.31666666666666,SUM,79
223,10,152,70.21666666666667,-147.2,SUM,79
224,10,153,70.21666666666667,-146.78333333333333,SUM,79
225,10,154,70.63472222222222,-146.51666666666668,SUM,79
226,10,155,70.63472222222222,-146.23333333333332,SUM,79
227,11,0,70.63333333333334,-143.0,SUM,79
228,11,1,70.66666666666667,-146.0,SUM,79
229,11,2,70.46666666666667,-148.8,SUM,79
230,11,3,70.66666666666667,-146.0,SUM,79
231,11,4,70.2,-146.0,SUM,79
232,11,5,70.35,-148.085,SUM,79
233,11,6,70.2,-146.0,SUM,79
234,11,7,70.31666666666666,-148.41694444444443,SUM,79
235,11,8,70.2,-143.13333333333333,SUM,79
236,11,9,70.21916666666667,-145.8175,SUM,79
237,11,10,70.26666666666667,-143.13333333333333,SUM,79
238,11,11,70.16666666666667,-146.0,SUM,79
239,11,12,70.2,-148.50222222222223,SUM,79
240,11,13,70.2,-148.50222222222223,SUM,79
241,11,14,70.18444444444445,-146.01666666666668,SUM,79
242,11,15,70.21666666666667,-146.21666666666667,SUM,79
243,12,0,70.43361111111112,-148.26694444444445,SUM,79
244,12,1,70.50166666666667,-144.75055555555556,SUM,79
245,12,2,70.66833333333334,-144.41833333333332,SUM,79
246,13,0,70.3025,-144.2688888888889,SUM,79
247,14,0,71.11861111111111,-149.76916666666668,SUM,79
248,14,1,70.26916666666666,-144.48472222222222,SUM,79
249,15,0,70.51916666666666,-143.1013888888889,SUM,79
250,15,1,70.63333333333334,-148.33444444444444,SUM,79
251,16,0,70.55111111111111,-144.48499999999999,SUM,79
